run_id,run_name,state,lr_rew,gradient_steps_rew,batch_size_rew,fragment_length,fragmenter_type,labels_type,net_arch,total_queries,successes,timeouts,collisions,ep_length,ep_avg_speed,ep_env_return,ep_fast_return,spearman_seg1,spearman_seg5,spearman_seg20,spearman_segNone,acc_val,acc_train,acc_gap,loss_val,mean_true_reward,mean_model_reward,time_train_rew_model
0no0iiii,ppo_chri binary_bernulli seg1 tot_queries=10000 fragmenter_type=active seed=0,finished,0.0003,100,100,1.0,active,binary_bernulli,"[32, 32]",10000,0.0,1.0,0.0,600.0,0.31108749945314607,-6.924644847710926,-116.0731717565524,0.8032552766196308,0.6052249534325419,0.4305032571676435,-0.014392873886544772,0.509313702583313,0.5366834402084351,0.02736973762512207,0.6848070621490479,-100.62598799487004,0.3676510751247406,6.361539602046832
dgkdxdp2,ppo_chri binary_bernulli seg1 tot_queries=100000 fragmenter_type=active seed=0,finished,0.0003,100,100,1.0,active,binary_bernulli,"[32, 32]",100000,0.6874999999999999,0.0,0.3125,132.1875,22.816287739396326,-0.2762454990297557,25.916124907032938,0.8033029576621268,0.6802092137304087,0.8728040834183997,0.9483591186122832,0.5119500160217285,0.5197499990463257,0.007799983024597168,0.6829131841659546,32.8057044647714,0.4222974181175232,6.284871811047196
jxn066my,ppo_chri binary_bernulli seg1 tot_queries=50000 fragmenter_type=active seed=0,finished,0.0003,100,100,1.0,active,binary_bernulli,"[32, 32]",50000,0.6969696969696968,0.0,0.2727272727272727,119.3939393939394,20.125288239556095,-0.19347619829755835,27.58834281168564,0.7969136979676666,0.6849895654200692,0.8723360211658652,0.8733942803563057,0.5199999809265137,0.5282999873161316,0.00830000638961792,0.6808475852012634,27.573086310476924,-0.124424047768116,6.099384645931423
k627fstc,ppo_chri binary_bernulli seg1 tot_queries=50000 fragmenter_type=active seed=0,finished,0.0003,100,100,1.0,active,binary_bernulli,"[128, 128]",50000,0.7727272727272728,0.0,0.2272727272727273,167.90909090909088,17.621603697153496,-0.19210952520370472,28.145027764888507,0.7966276117126908,0.6113625406521813,0.6336902811524835,0.04423347398030943,0.5074999928474426,0.5174750089645386,0.009975016117095947,0.6872251629829407,31.833815964435377,0.09875952452421188,6.297177094966173
ktoeh515,ppo_chri soft seg1 tot_queries=10000 fragmenter_type=active seed=0,finished,0.0003,100,100,1.0,active,soft,"[128, 128]",10000,0.9545454545454544,0.0,0.045454545454545456,175.72727272727272,20.904304062944902,0.9968006367033178,50.27706860412421,0.8156182897810863,0.6845571717998988,0.7219440189476708,0.5104313173933427,0.9284313917160034,0.9244974851608276,-0.003933906555175781,0.683871328830719,28.17719656972169,-0.4669634997844696,5.2926088909152895
ps8v9qh8,ppo_chri binary_bernulli seg1 tot_queries=100000 fragmenter_type=active seed=0,finished,0.0003,100,100,1.0,active,binary_bernulli,"[128, 128]",100000,0.6388888888888888,0.0,0.27777777777777785,114.19444444444449,20.5346732817584,0.25633460945553255,23.442008078790547,0.8036980291570934,0.6499957095210086,0.6190543345636168,0.656797937177684,0.5172500014305115,0.5164750218391418,-0.0007749795913696289,0.6836734414100647,25.562243108058848,-0.27901652455329895,7.0596509128808975
xe1846v1,ppo_chri binary_bernulli seg1 tot_queries=10000 fragmenter_type=active seed=0,finished,0.0003,100,100,1.0,active,binary_bernulli,"[128, 128]",10000,0.07017543859649122,0.0,0.912280701754386,73.61403508771929,17.414513134851653,0.5482568594447353,-34.308418606172076,0.8049649825719863,0.8781253824294715,0.7217699958024978,0.4668307548054384,0.5284313559532166,0.57097989320755,0.042548537254333496,0.6642547249794006,-37.33570741022125,0.3608529269695282,5.9454360390082
ywa6jvjx,ppo_chri soft seg1 tot_queries=10000 fragmenter_type=active seed=0,finished,0.0003,100,100,1.0,active,soft,"[32, 32]",10000,0.8636363636363636,0.0,0.13636363636363635,160.4090909090909,18.824017737130617,-0.07834223996509203,40.708861531632934,0.8154548119211001,0.7246736910045882,0.724296331806562,0.5500468823253634,0.9558823704719543,0.9638190865516664,0.007936716079711914,0.6806104183197021,44.75474507804572,0.2174857258796692,5.107841618126258
fpxug85o,ppo_chri soft seg1 tot_queries=10000 fragmenter_type=random seed=0,finished,0.0003,100,100,1.0,random,soft,"[128, 128]",10000,0.8518518518518516,0.0,0.14814814814814817,150.96296296296296,23.306620040075387,0.1903713102693911,42.422873406065705,0.8149098857211461,0.7234665921482794,0.7180374993784407,0.545616502578528,0.9480392336845398,0.9469849467277528,-0.0010542869567871094,0.6874364018440247,34.59050487663743,-0.22047661244869232,6.586864290991798
e1yawevq,ppo_chri binary_bernulli seg1 tot_queries=100000 fragmenter_type=random seed=0,finished,0.0003,100,100,1.0,random,binary_bernulli,"[128, 128]",100000,0.774193548387097,0.0,0.22580645161290316,131.6129032258064,18.4193096775373,-0.3245267618087031,33.39217436748236,0.8085206260266858,0.610053348857777,0.6611319309068449,0.3348101265822785,0.5078499913215637,0.5124499797821045,0.0045999884605407715,0.6872324347496033,43.640710489266056,0.05064363032579422,8.325376513879746
relwykke,ppo_chri binary_bernulli seg1 tot_queries=50000 fragmenter_type=random seed=0,finished,0.0003,100,100,1.0,random,binary_bernulli,"[128, 128]",50000,0.5757575757575757,0.0,0.42424242424242425,122.15151515151516,17.991803745456487,-0.4208397178938893,11.014135394211344,0.8116403285214224,0.8530765797943279,0.8496650059084899,0.9323253633380216,0.5001999735832214,0.5196750164031982,0.019475042819976807,0.6873540282249451,23.130129926150072,0.05505175143480301,6.705102985026315
0l9y7muc,ppo_chri binary_bernulli seg1 tot_queries=10000 fragmenter_type=random seed=0,finished,0.0003,100,100,1.0,random,binary_bernulli,"[128, 128]",10000,0.5135135135135134,0.0,0.4864864864864865,112.51351351351356,20.517026869891744,-0.7411315070616236,11.10620392665096,0.8309375275772918,0.7235266468177476,0.6867313356416153,0.7663619315518051,0.5088235139846802,0.5439698696136475,0.035146355628967285,0.6934394240379333,15.491063440185112,0.8762298822402954,6.018069019075483
bs3rd27m,ppo_chri soft seg1 tot_queries=10000 fragmenter_type=random seed=0,finished,0.0003,100,100,1.0,random,soft,"[32, 32]",10000,0.8695652173913043,0.0,0.08695652173913043,178.17391304347825,17.718227370395475,-0.3826424142588741,39.24118779514011,0.8159588686560574,0.7226378377096196,0.7198197364169375,0.6833567744960151,0.9441176652908324,0.945100486278534,0.000982820987701416,0.6865526437759399,42.18772847297753,0.2318822145462036,6.339896992081776
qrbknyjn,ppo_chri binary_bernulli seg1 tot_queries=100000 fragmenter_type=random seed=0,finished,0.0003,100,100,1.0,random,binary_bernulli,"[32, 32]",100000,0.7368421052631579,0.0,0.2631578947368421,231.47368421052633,12.982717080047614,-0.31468549841328664,12.203370143697626,0.7937122565429373,0.6392819564879,0.7447050461766874,0.4519690576652602,0.5151000022888184,0.5136125087738037,-0.0014874935150146484,0.6878355145454407,17.173103014269568,-0.24309663474559784,7.427690118085593
stqp5hz7,ppo_chri binary_bernulli seg1 tot_queries=50000 fragmenter_type=random seed=0,finished,0.0003,100,100,1.0,random,binary_bernulli,"[32, 32]",50000,0.7777777777777778,0.0,0.2222222222222222,233.94444444444443,14.15656940821051,3.954312115907669,14.02266218115411,0.7881676324584057,0.5270457847189722,0.29750756866864736,-0.3217299578059072,0.5066999793052673,0.5180500149726868,0.011350035667419434,0.6871060729026794,15.9284295954817,-0.9053269624710084,7.091576311038807
suk23nvp,ppo_chri binary_bernulli seg1 tot_queries=10000 fragmenter_type=random seed=0,finished,0.0003,100,100,1.0,random,binary_bernulli,"[32, 32]",10000,0.7500000000000002,0.0,0.25,287.0833333333333,13.48989891926814,-0.6778723001480103,-0.6135196065408459,0.7896525563532801,0.4974748654728809,0.17342306536213456,-0.36380684481950304,0.5034313797950745,0.5258793830871582,0.02244800329208374,0.6862809658050537,-5.184992721983067,-0.7121599912643433,6.06997332489118
qvdxlfop,ppo_chri soft seg2 tot_queries=10000 fragmenter_type=active seed=0,finished,0.0003,100,100,2.0,active,soft,"[128, 128]",10000,0.76,0.0,0.24,141.83999999999995,21.173128280392746,-0.09914422512054442,34.625522950855036,0.8157272750210771,0.7210523944356619,0.7166393134189468,0.7426160337552743,0.9161764979362488,0.9211055040359496,0.004929006099700928,0.689193844795227,37.81084115016187,-0.10038895905017851,7.487749790074304
4n4jniew,ppo_chri binary_bernulli seg2 tot_queries=100000 fragmenter_type=active seed=0,finished,0.0003,100,100,2.0,active,binary_bernulli,"[128, 128]",100000,0.9,0.0,0.1,350.40000000000003,8.923934894989952,-2.13478946685791,7.516944170137867,0.7944887763778714,0.6073388777978189,0.6540809931282805,0.30309423347398035,0.5065500140190125,0.5110250115394592,0.004474997520446777,0.6916556358337402,13.87133217847468,1.4762580394744873,8.611788439098746
b31248mv,ppo_chri binary_bernulli seg2 tot_queries=50000 fragmenter_type=active seed=0,finished,0.0003,100,100,2.0,active,binary_bernulli,"[128, 128]",50000,0.7857142857142857,0.0,0.21428571428571427,279.07142857142856,11.06006373057754,1.4411165160792212,6.39211956272096,0.8165582874760068,0.6392999728887405,0.6079708604555247,0.014252226910454758,0.5185999870300293,0.514549970626831,-0.004050016403198242,0.6887202858924866,-0.7804184193010061,-0.41146141290664673,8.816712793894112
g7urou50,ppo_chri binary_bernulli seg2 tot_queries=10000 fragmenter_type=active seed=0,finished,0.0003,100,100,2.0,active,binary_bernulli,"[128, 128]",10000,0.3191489361702129,0.0,0.6808510638297873,86.12765957446811,22.37805950192377,1.2582812455106285,-6.631956059884577,0.7957489182152652,0.6007448750902218,0.42033190437218265,0.6620956399437413,0.4975490272045135,0.5548995137214661,0.057350486516952515,0.6950145363807678,-21.17627487365789,0.4540494382381439,7.529810370877385
f3dw3wst,ppo_chri soft seg2 tot_queries=10000 fragmenter_type=active seed=0,finished,0.0003,100,100,2.0,active,soft,"[32, 32]",10000,0.894736842105263,0.0,0.10526315789473684,195.0,17.261202523439287,-0.44080366586384,40.41119363820071,0.8160406075860506,0.7103446468695,0.7147490620144805,0.5666197843413033,0.966176450252533,0.9599246382713318,-0.006251811981201172,0.6865546107292175,44.80959876175492,0.1095798686146736,6.978704815963283
suzh1udy,ppo_chri binary_bernulli seg2 tot_queries=100000 fragmenter_type=active seed=0,finished,0.0003,100,100,2.0,active,binary_bernulli,"[32, 32]",100000,0.2222222222222222,0.6666666666666667,0.1111111111111111,478.22222222222223,7.113316357541982,-7.269110255771213,-53.590300437349406,0.8041612164270543,0.6812361485783132,0.78992105993114,0.9013361462728552,0.5085999965667725,0.5111125111579895,0.002512514591217041,0.6904475092887878,-5.475731874397137,1.721218228340149,8.515075391856954
e61s6ipc,ppo_chri binary_bernulli seg2 tot_queries=50000 fragmenter_type=active seed=0,finished,0.0003,100,100,2.0,active,binary_bernulli,"[32, 32]",50000,0.0,0.7272727272727273,0.27272727272727276,437.0,2.546146097313018,0.21997061100873072,-98.53772710482474,0.5787865517035968,0.2828514877277934,0.009679287350488688,0.4975621190811065,0.510200023651123,0.5159249901771545,0.005724966526031494,0.689633309841156,-110.80226011755131,0.35844099521636963,7.382686394965276
6xbtn94i,ppo_chri binary_bernulli seg2 tot_queries=10000 fragmenter_type=active seed=0,finished,0.0003,100,100,2.0,active,binary_bernulli,"[32, 32]",10000,0.8666666666666667,0.0,0.13333333333333333,262.4,13.877398294996375,-0.15570968786875372,24.69415483884731,0.7873911126234713,0.712620718842341,0.7695543511477807,0.8232067510548524,0.4975490272045135,0.5424622893333435,0.04491326212882995,0.6900160312652588,7.801351871530845,0.5527840256690979,7.398484142031521
0n1bx7b9,ppo_chri soft seg2 tot_queries=10000 fragmenter_type=random seed=0,finished,0.0003,100,100,2.0,random,soft,"[128, 128]",10000,0.9166666666666664,0.0,0.08333333333333333,165.54166666666663,21.496745558908813,0.6086339068909487,49.76054426440967,0.8150597404261335,0.7163801411510439,0.7088982838577995,0.6345991561181435,0.9284313917160034,0.92625629901886,-0.0021750926971435547,0.6894413828849792,33.77219515084417,0.2546691596508026,7.243734295014292
tkd0bb2o,ppo_chri binary_bernulli seg2 tot_queries=100000 fragmenter_type=random seed=0,finished,0.0003,100,100,2.0,random,binary_bernulli,"[128, 128]",100000,0.6000000000000002,0.0,0.4,212.4,14.352626931230152,-0.6347663541634879,2.538305325375988,0.805087590966976,0.6881964847696657,0.745407139555489,0.8813877168307549,0.5008000135421753,0.5102999806404114,0.009499967098236084,0.691045343875885,24.406390883335916,0.642089307308197,8.330303514841944
3m98ljkk,ppo_chri binary_bernulli seg2 tot_queries=50000 fragmenter_type=random seed=0,finished,0.0003,100,100,2.0,random,binary_bernulli,"[128, 128]",50000,0.3333333333333333,0.6666666666666666,0.0,464.1666666666667,6.9451819914814354,0.7141386270523069,-54.19293844599503,0.5937652106248312,0.3722488686980036,0.2564801119945672,0.07039381153305203,0.5097000002861023,0.5098000168800354,0.00010001659393310548,0.690570056438446,-76.71090851818711,0.7599003911018372,8.939628448104486
yxvifeij,ppo_chri binary_bernulli seg2 tot_queries=10000 fragmenter_type=random seed=0,finished,0.0003,100,100,2.0,random,binary_bernulli,"[128, 128]",10000,0.0,0.5,0.5,343.1666666666667,5.5819125880156175,-3.801312834024429,-85.86600954245894,0.8239147911753852,0.41344637195311856,-0.1160194306474571,-0.28544303797468357,0.501960813999176,0.5312814116477966,0.029320597648620605,0.692877471446991,-91.45954033949882,2.3731589317321777,8.400055263889953
a36v8d15,ppo_chri soft seg2 tot_queries=10000 fragmenter_type=random seed=0,finished,0.0003,100,100,2.0,random,soft,"[32, 32]",10000,0.8928571428571426,0.0,0.10714285714285714,145.32142857142858,23.065332917038827,0.03859097404139376,47.63469784299286,0.8153185803711116,0.7184219999129592,0.7154151506046258,0.6403891233005158,0.9495097994804382,0.9522613286972046,0.0027515292167663574,0.6888707280158997,49.41869716447402,0.00023111655900720507,6.657147363992408
h41u732b,ppo_chri binary_bernulli seg2 tot_queries=100000 fragmenter_type=random seed=0,finished,0.0003,100,100,2.0,random,binary_bernulli,"[32, 32]",100000,0.8500000000000001,0.0,0.15,186.7000000000001,15.47779038523247,-1.422776594758034,34.841927516046916,0.8064226601568633,0.813800825962192,0.919814335807568,0.9049929676511956,0.503600001335144,0.5113124847412109,0.0077124834060668945,0.6900062561035156,36.67692987564689,0.6372413635253906,6.466314839897677
wtfega1m,ppo_chri binary_bernulli seg2 tot_queries=50000 fragmenter_type=random seed=0,finished,0.0003,100,100,2.0,random,binary_bernulli,"[32, 32]",50000,0.0,1.0,0.0,600.0,0.7111835601516306,1.5315504409372809,-111.28002094938398,0.5872260962253837,0.26239686730695927,0.025623407927208117,0.0572667604313174,0.5023000240325928,0.5063499808311462,0.004049956798553467,0.6904327869415283,-92.96059405580957,-0.6912515163421631,7.802346729906276
m7dsoosx,ppo_chri binary_bernulli seg2 tot_queries=10000 fragmenter_type=random seed=0,finished,0.0003,100,100,2.0,random,binary_bernulli,"[32, 32]",10000,0.027777777777777776,0.0,0.2222222222222222,102.3333333333333,13.059806187646592,0.07237555583318067,-39.32750806901347,0.8564332621576376,0.8460261615987731,0.7164652902737736,0.9151898734177216,0.5014705657958984,0.5374372005462646,0.03596663475036621,0.6891857981681824,-37.98702066686578,0.07559658586978912,6.941944798920304
lpw3zdfw,ppo_chri soft seg25 tot_queries=10000 fragmenter_type=active seed=0,finished,0.0003,100,100,25.0,active,soft,"[128, 128]",10000,0.5555555555555556,0.0,0.2777777777777778,199.83333333333337,14.474349222579482,0.180245300134023,-0.851953139979047,0.8556567423227034,0.6850376091556437,0.7264026119429673,0.6806141584622598,0.8303921818733215,0.8278894424438477,-0.002502739429473877,0.6909443140029907,-3.882268478840629,-0.18129970133304596,10.925802541198207
fvbosjht,ppo_chri binary_bernulli seg25 tot_queries=100000 fragmenter_type=active seed=0,finished,0.0003,100,100,25.0,active,binary_bernulli,"[128, 128]",100000,0.0,0.21428571428571427,0.14285714285714285,282.0,1.7956755916067588,0.18830507142203193,-91.8583270788678,0.440286746407799,0.4948324600162846,0.6298017639775817,0.8003984997655884,0.5051913261413574,0.5059189200401306,0.0007275938987731934,0.6931610703468323,-82.26256707013702,-0.20121167600154877,13.045896363910288
ng5xu5gi,ppo_chri binary_bernulli seg25 tot_queries=50000 fragmenter_type=active seed=0,finished,0.0003,100,100,25.0,active,binary_bernulli,"[128, 128]",50000,0.0,0.3125000000000001,0.6875,243.81250000000003,4.950168368650002,0.2524658967740835,-80.970380204334,0.4902496673660776,-0.1021409818313406,-0.47744750077760817,-0.6140881387716831,0.49869999289512634,0.5046250224113464,0.005925029516220093,0.693120539188385,-91.02502763412116,0.08518374711275101,11.95843549608253
lxgfugh0,ppo_chri binary_bernulli seg25 tot_queries=10000 fragmenter_type=active seed=0,finished,0.0003,100,100,25.0,active,binary_bernulli,"[128, 128]",10000,0.0,0.6153846153846154,0.38461538461538464,373.0,6.0932644103832745,2.4845714385692896,-91.71402034163104,0.539136359079447,-0.09253223471644494,-0.4502038773608576,-0.4963666197843414,0.5034313797950745,0.5150753855705261,0.01164400577545166,0.6954169869422913,-100.484168945915,-0.31460657715797424,11.758392826188356
u62qsqnv,ppo_chri soft seg25 tot_queries=10000 fragmenter_type=active seed=0,finished,0.0003,100,100,25.0,active,soft,"[32, 32]",10000,0.6666666666666667,0.0,0.20833333333333337,158.75,17.88340761396814,-0.17834337055683136,20.31000350283248,0.8519376210080176,0.6833080346749626,0.7275547651799751,0.7464369432723863,0.8823529481887817,0.8660804033279419,-0.016272544860839844,0.6908871531486511,27.85982222426747,0.11883240193128586,10.0723830871284
mbikbycu,ppo_chri binary_bernulli seg25 tot_queries=100000 fragmenter_type=active seed=0,finished,0.0003,100,100,25.0,active,binary_bernulli,"[32, 32]",100000,0.0,0.5833333333333334,0.4166666666666667,374.66666666666663,3.561346762215494,-0.6814421912034353,-92.68730227992566,0.6913478698815863,0.5327750001862288,0.1893611851407446,0.5434364744491328,0.5008776783943176,0.5046517848968506,0.003774106502532959,0.6930964589118958,-106.45312337118948,1.1379534006118774,10.141749969916418
kkod0sc1,ppo_chri binary_bernulli seg25 tot_queries=50000 fragmenter_type=active seed=0,finished,0.0003,100,100,25.0,active,binary_bernulli,"[32, 32]",50000,0.0,0.7999999999999999,0.2,480.4,2.956043971641834,0.294055539369583,-103.01646601973172,0.6316103352116336,-0.12455338447683464,-0.495731932617,-0.4976793248945148,0.5012999773025513,0.5088750123977661,0.007575035095214844,0.6931613087654114,-99.35753291776984,-0.026692118495702744,11.39216363313608
h6hs1o5v,ppo_chri binary_bernulli seg25 tot_queries=10000 fragmenter_type=active seed=0,finished,0.0003,100,100,25.0,active,binary_bernulli,"[32, 32]",10000,0.125,0.0,0.875,106.27500000000003,20.613760217942808,-0.2675508320331573,-34.813928731657896,0.6953803237612455,0.7326729729777388,0.7505858283239154,0.9103844350679794,0.5196078419685364,0.5337939858436584,0.01418614387512207,0.6915991902351379,-31.006313273534865,0.05033882334828377,10.635440649930388
9hdetsuy,ppo_chri soft seg25 tot_queries=10000 fragmenter_type=random seed=0,finished,0.0003,100,100,25.0,random,soft,"[128, 128]",10000,0.8095238095238096,0.0,0.1904761904761905,193.7142857142857,17.704216492852005,0.020972053209940583,31.96467331150322,0.8529048650129359,0.7604062193381064,0.8160065293127732,0.8892639474917957,0.8764705657958984,0.8732411861419678,-0.003229379653930664,0.6872546672821045,31.9408294186392,-0.06432493031024933,11.66532618086785
0i4v8ldl,ppo_chri binary_bernulli seg25 tot_queries=100000 fragmenter_type=random seed=0,finished,0.0003,100,100,25.0,random,binary_bernulli,"[128, 128]",100000,0.0,0.3333333333333333,0.16666666666666666,324.8333333333333,5.627430644724176,0.33331940571467084,-91.47479295395668,0.759191181775854,0.6295410891001747,0.5104698927737267,0.1585560243788092,0.5008000135421753,0.51214998960495,0.011349976062774658,0.6896088123321533,-95.41780158824314,-0.25013768672943115,12.456707495031878
lj6c1pq1,ppo_chri binary_bernulli seg25 tot_queries=50000 fragmenter_type=random seed=0,finished,0.0003,100,100,25.0,random,binary_bernulli,"[128, 128]",50000,0.0,0.6666666666666666,0.33333333333333337,405.5833333333333,3.448178336194701,-2.9468312362829843,-94.9147828423094,0.6849449870321271,0.5111433082438199,0.13935053369686812,-0.4670886075949367,0.5049999952316284,0.5145000219345093,0.00950002670288086,0.6883216500282288,-100.01803143405576,-0.353353351354599,10.814947074046358
o1eqslb0,ppo_chri binary_bernulli seg25 tot_queries=10000 fragmenter_type=random seed=0,finished,0.0003,100,100,25.0,random,binary_bernulli,"[128, 128]",10000,0.0,0.7777777777777778,0.2222222222222222,476.6666666666667,0.7200977398214767,1.7774503495958118,-101.94682143238272,0.6863073025320121,0.1435847092312748,-0.2161547486992889,-0.37887951242381623,0.5191176533699036,0.5248743891716003,0.005756735801696777,0.6842150092124939,-100.869762295066,4.109216690063477,11.870523343095556
s5hpgeno,ppo_chri soft seg25 tot_queries=10000 fragmenter_type=random seed=0,finished,0.0003,100,100,25.0,random,soft,"[32, 32]",10000,0.7619047619047621,0.0,0.23809523809523808,178.09523809523813,20.219130289242187,0.22178102674938388,27.72188400610858,0.8575367377125446,0.7477466950142313,0.7094803612744129,0.5414205344585091,0.8789215683937073,0.8793969750404358,0.0004754066467285156,0.6871362924575806,17.103772945866915,-0.05214410647749901,10.069315096829088
z1x6nfr1,ppo_chri binary_bernulli seg25 tot_queries=100000 fragmenter_type=random seed=0,finished,0.0003,100,100,25.0,random,binary_bernulli,"[32, 32]",100000,0.7333333333333335,0.0,0.2,266.8666666666667,12.371184631419183,-0.4874385277430216,1.1916546205870364,0.8304539055748328,0.4791822131528984,-0.2466568054894526,-0.3455461790904829,0.5137500166893005,0.5190500020980835,0.005299985408782959,0.6855635046958923,-1.724754870493321,-1.0261261463165283,10.04981206310913
4ewljbzr,ppo_chri binary_bernulli seg25 tot_queries=50000 fragmenter_type=random seed=0,finished,0.0003,100,100,25.0,random,binary_bernulli,"[32, 32]",50000,0.3636363636363637,0.0,0.5909090909090909,173.0454545454546,13.349491192439784,-0.42020297050476085,-19.332495507540113,0.7101750700899954,0.3194367923677585,-0.45022788055329527,-0.4387716830754806,0.5192000269889832,0.5191249847412109,-7.50422477722168e-05,0.6859555244445801,-10.505043943680349,0.6991076469421387,10.384462763089688
tynrnz3v,ppo_chri binary_bernulli seg25 tot_queries=10000 fragmenter_type=random seed=0,finished,0.0003,100,100,25.0,random,binary_bernulli,"[32, 32]",10000,0.1428571428571429,0.0,0.8571428571428575,97.9761904761905,18.82471097006058,0.46497892198108465,-26.280005327434647,0.2833480008210592,0.4666367927010128,0.502374816124124,0.5185888420065635,0.5009803771972656,0.5389447212219238,0.0379643440246582,0.6800860166549683,-25.00536691453597,-0.5856497287750244,10.030733707826585
kzpgju6f,ppo_chri soft segNone tot_queries=10000 fragmenter_type=active seed=0,finished,0.0003,100,100,,active,soft,"[128, 128]",10000,1.0,0.0,0.0,219.2631578947369,18.08862988455622,0.0672490722254703,47.555199860094625,0.8577683313475248,0.7538122166305091,0.7188116023345554,0.7240037505860292,0.9098567962646484,0.917961061000824,0.008104264736175537,0.6840945482254028,38.10598859507226,-0.015859654173254967,28.82808469585143
w6ikh9sf,ppo_chri binary_bernulli segNone tot_queries=100000 fragmenter_type=active seed=0,finished,0.0003,100,100,,active,binary_bernulli,"[128, 128]",100000,0.36666666666666664,0.0,0.6333333333333334,131.1,15.919288025551024,1.9879088203112287,-9.384456628766351,0.5586310938827999,0.6030509743977966,0.6869893699603201,0.7309188935771215,0.5334057807922363,0.5583310127258301,0.02492523193359375,0.6761336922645569,-8.336238640113988,-0.31891560554504395,22.118198382202536
9mmc61i7,ppo_chri binary_bernulli segNone tot_queries=50000 fragmenter_type=active seed=0,finished,0.0003,100,100,,active,binary_bernulli,"[128, 128]",50000,0.5384615384615385,0.0,0.4615384615384617,302.0,9.585936025272686,2.866979635678805,-15.454504942955069,0.7654237751878274,0.26702708232294964,-0.3337823932400696,-0.4802625410220347,0.5107117891311646,0.5638412237167358,0.05312943458557129,0.6868816018104553,-29.533637595556133,3.2689223289489746,25.31151767494157
09km2xe5,ppo_chri binary_bernulli segNone tot_queries=10000 fragmenter_type=active seed=0,finished,0.0003,100,100,,active,binary_bernulli,"[128, 128]",10000,0.0,0.7999999999999999,0.2,482.0,4.968885120969345,11.657249188423158,-100.066844960936,0.6679977822135591,0.6003725361395196,0.4320034566949976,0.645546179090483,0.5264586210250854,0.5980320572853088,0.07157343626022339,0.6967728734016418,-92.69806403247183,-0.4641997218132019,38.41920256684534
9mnfv1hs,ppo_chri soft segNone tot_queries=10000 fragmenter_type=active seed=0,finished,0.0003,100,100,,active,soft,"[32, 32]",10000,0.6818181818181819,0.0,0.3181818181818182,175.54545454545453,17.333899177365694,-0.16558170318603505,19.955292699891924,0.8571007967525813,0.7334296618130368,0.7310052240928896,0.7606188466947962,0.8941548466682434,0.899897038936615,0.005742192268371582,0.6838721036911011,26.75957160531847,0.28757938742637634,22.143700345186517
b59w0cz8,ppo_chri binary_bernulli segNone tot_queries=100000 fragmenter_type=active seed=0,finished,0.0003,100,100,,active,binary_bernulli,"[32, 32]",100000,0.0,0.7777777777777777,0.2222222222222222,466.8888888888889,2.243117928365415,-9.301817033025952,-77.41633610707123,0.46559856839566033,0.16537254331430065,-0.06227628277952362,0.17855133614627286,0.5415657758712769,0.5582912564277649,0.016725480556488037,0.6821988821029663,-80.8671057760312,2.70127010345459,23.8418249131646
m6ynjbbh,ppo_chri binary_bernulli segNone tot_queries=50000 fragmenter_type=active seed=0,finished,0.0003,100,100,,active,binary_bernulli,"[32, 32]",50000,0.0,1.0,0.0,600.0,0.22828941956979087,-17.066503882408142,-117.06509275355504,0.631583088901636,0.1798637350569526,-0.2885783810818357,-0.3392405063291139,0.536950409412384,0.5475313067436218,0.010580897331237791,0.6758173108100891,-104.80161066551187,-3.785055160522461,24.944236041978
t1ivmfqe,ppo_chri binary_bernulli segNone tot_queries=10000 fragmenter_type=active seed=0,finished,0.0003,100,100,,active,binary_bernulli,"[32, 32]",10000,0.1944444444444444,0.0,0.8055555555555555,118.61111111111114,16.133936913090796,0.03551483816570694,-27.10001071991796,0.5724858425166292,0.3498004332508287,0.2960433739299498,-0.04524144397562119,0.5216748714447021,0.5397447347640991,0.018069863319396973,0.6904212236404419,-24.642131712870395,-0.8535450100898743,17.864770281128585
h0vk3pqy,ppo_chri soft segNone tot_queries=10000 fragmenter_type=random seed=0,finished,0.0003,100,100,,random,soft,"[128, 128]",10000,1.0,0.0,0.0,327.45454545454544,11.557069433034192,0.741766788742759,26.39360099837078,0.8575094914025466,0.7585084917829145,0.7457791890382729,0.7460853258321613,0.9034313559532166,0.9051507711410522,0.0017194151878356934,0.6752449870109558,8.296407865694064,0.35940054059028625,32.12471390585415
838vzfyr,ppo_chri binary_bernulli segNone tot_queries=100000 fragmenter_type=random seed=0,finished,0.0003,100,100,,random,binary_bernulli,"[128, 128]",100000,0.5714285714285712,0.0,0.3809523809523809,188.33333333333331,15.38580286628292,-0.0752105145227342,3.2433077426511536,0.8085342491816847,0.6389456503388787,0.5523674651736722,0.5687294889826536,0.5474500060081482,0.5538125038146973,0.006362497806549072,0.6613888144493103,15.492752785864694,-0.5430779457092285,27.41020651999861
0kw7lrny,ppo_chri binary_bernulli segNone tot_queries=50000 fragmenter_type=random seed=0,finished,0.0003,100,100,,random,binary_bernulli,"[128, 128]",50000,0.45,0.0,0.55,207.75000000000003,10.427023862766523,0.5391949653625496,-16.163338064422103,0.8234107344404278,0.6485183646520936,0.697130718765234,0.6251992498827942,0.5454999804496765,0.5439000129699707,-0.0015999674797058103,0.6756725311279297,-9.750395366401408,-0.4625250995159149,34.46029542107135
fqgqn4zs,ppo_chri binary_bernulli segNone tot_queries=10000 fragmenter_type=random seed=0,finished,0.0003,100,100,,random,binary_bernulli,"[128, 128]",10000,0.018292682926829267,0.0,0.8231707317073169,24.37195121951219,27.648458144656,0.268410836778036,-38.92436461221741,0.5186743802711758,0.3709156550358118,0.2581543346670944,0.4900843881856541,0.5617647171020508,0.580276370048523,0.018511652946472168,0.6664465665817261,-39.58856926651196,0.3922297954559326,11.519646973116323
ya5bw9ao,ppo_chri soft segNone tot_queries=10000 fragmenter_type=random seed=0,finished,0.0003,100,100,,random,soft,"[32, 32]",10000,0.8461538461538463,0.0,0.15384615384615383,300.46153846153845,11.556860536132188,-0.2542910117369432,17.594826913931513,0.8571144199075802,0.753914309568605,0.7310292272853273,0.6927332395686826,0.9196078181266784,0.9146984815597534,-0.004909336566925049,0.6695743203163147,18.4953713345642,-0.1341029703617096,18.74098990811035
2sx5mj35,ppo_chri binary_bernulli segNone tot_queries=100000 fragmenter_type=random seed=0,finished,0.0003,100,100,,random,binary_bernulli,"[32, 32]",100000,0.95,0.0,0.05,205.8499999999999,21.3974610964612,0.12289857268333453,41.99772723072225,0.7025052338256434,0.46036708520854336,0.4977482007817639,0.7703000468823255,0.5449000000953674,0.5470125079154968,0.0021125078201293945,0.6668374538421631,32.04094150896739,0.24895155429840088,21.414937504101545
v37oldic,ppo_chri binary_bernulli segNone tot_queries=50000 fragmenter_type=random seed=0,finished,0.0003,100,100,,random,binary_bernulli,"[32, 32]",50000,0.7307692307692308,0.0,0.26923076923076916,145.11538461538458,17.851259152320367,0.8176122216077951,30.338231978600888,0.6090503905335397,0.5926194783111881,0.6968306788597631,0.4417252695733709,0.5730000138282776,0.560949981212616,-0.01205003261566162,0.654198408126831,17.557618922554106,-0.07350894808769226,16.16802347684279
n5q77s7r,ppo_chri binary_bernulli segNone tot_queries=10000 fragmenter_type=random seed=0,finished,0.0003,100,100,,random,binary_bernulli,"[32, 32]",10000,0.0,0.6666666666666665,0.2222222222222222,414.8888888888889,5.099012279009213,0.10050715340508276,-74.88585951516424,0.8179478492858895,0.7391588772802933,0.7309752201023426,0.8036333802156589,0.5730392336845398,0.5881909728050232,0.015151739120483398,0.6408596634864807,-66.48139256260856,0.9264549612998962,27.527494871988893
l028b3bc,ppo_chri soft seg1 tot_queries=10000 fragmenter_type=active seed=0,finished,0.0003,100,500,1.0,active,soft,"[128, 128]",10000,0.9523809523809524,0.0,0.047619047619047616,183.33333333333337,18.950332388065693,0.20545443750563125,48.16656457697585,0.8158090139510702,0.7167404691678524,0.7172213908355601,0.5936005625879044,0.9627450704574584,0.9572864174842834,-0.005458652973175049,0.685734212398529,38.13542341694558,0.14100374281406405,30.30288606090471
hgflfwku,ppo_chri binary_bernulli seg1 tot_queries=100000 fragmenter_type=active seed=0,finished,0.0003,100,500,1.0,active,binary_bernulli,"[128, 128]",100000,0.1,0.6,0.3,398.1,6.182267529286283,-0.647892940044403,-49.461931157620256,0.6028041739665675,0.4822329903618777,0.512462157746053,0.4234646038443507,0.5102999806404114,0.5104625225067139,0.00016254186630249023,0.688431441783905,-26.664052758968147,-0.010225548408925532,35.74624351481907
fcc9azyt,ppo_chri binary_bernulli seg1 tot_queries=50000 fragmenter_type=active seed=0,finished,0.0003,100,500,1.0,active,binary_bernulli,"[128, 128]",50000,0.14285714285714285,0.4285714285714286,0.42857142857142855,316.64285714285717,13.040018623651628,-1.6332457746778215,-38.233765645160254,0.7573520558510094,0.47463006920721657,0.28745623183537483,-0.24821847163619315,0.5163999795913696,0.5216249823570251,0.005225002765655518,0.6861107349395752,-26.8798581859992,0.2529985308647156,36.76125961588696
dov77vlq,ppo_chri binary_bernulli seg1 tot_queries=10000 fragmenter_type=active seed=0,finished,0.0003,100,500,1.0,active,binary_bernulli,"[128, 128]",10000,0.4090909090909091,0.0,0.5909090909090909,183.45454545454544,15.245302141173566,-2.4581117196516553,-10.32902385586425,0.8001696320123916,0.5355975696512293,0.08959191577358717,0.3124472573839663,0.5284313559532166,0.6291457414627075,0.10071438550949097,0.6999193429946899,-16.520733392502056,3.3140926361083984,31.946260329103097
r4jbvxv7,ppo_chri soft seg1 tot_queries=10000 fragmenter_type=active seed=0,finished,0.0003,100,500,1.0,active,soft,"[32, 32]",10000,0.8666666666666667,0.0,0.13333333333333333,140.60000000000002,23.8766221831488,0.623644106586774,43.68605806921723,0.8154275656111024,0.7283250149082485,0.7231501793676636,0.60014064697609,0.9588235020637512,0.9579145908355712,-0.0009089112281799316,0.6784619092941284,32.1000731771157,-0.482292115688324,30.725439263973385
76zl210u,ppo_chri binary_bernulli seg1 tot_queries=100000 fragmenter_type=active seed=0,finished,0.0003,100,500,1.0,active,binary_bernulli,"[32, 32]",100000,0.625,0.25,0.125,456.875,8.539419024984293,-0.26904929429292673,-27.55715005937124,0.810400621416527,0.6299014171169832,0.6086729538343264,0.6108063759962495,0.5069000124931335,0.5142624974250793,0.007362484931945801,0.6860062479972839,-21.9010380225615,-0.5529739856719971,34.028706203913316
jfz04q8q,ppo_chri binary_bernulli seg1 tot_queries=50000 fragmenter_type=active seed=0,finished,0.0003,100,500,1.0,active,binary_bernulli,"[32, 32]",50000,0.6499999999999999,0.0,0.3499999999999999,199.00000000000003,17.52873267267676,-1.5873445272445676,13.422816361737558,0.8091064216916364,0.6059756368008932,0.6033982522961495,0.7341303328645101,0.5019000172615051,0.5260499715805054,0.024149954319000244,0.6847465634346008,9.575273675032738,-0.8695552945137024,35.910441282903776
seklrlel,ppo_chri binary_bernulli seg1 tot_queries=10000 fragmenter_type=active seed=0,finished,0.0003,100,500,1.0,active,binary_bernulli,"[32, 32]",10000,0.3333333333333333,0.0,0.6666666666666666,74.16666666666667,22.18538562116329,0.02607426599220001,-5.463133544322502,0.8206792918631586,0.7268176427045993,0.6013279769484008,0.6630567276136897,0.531862735748291,0.5746231079101562,0.042760372161865234,0.6752461194992065,-0.21969095318652876,0.4411780834197998,30.42890747403726
s06snay0,ppo_chri soft seg1 tot_queries=10000 fragmenter_type=random seed=0,finished,0.0003,100,500,1.0,random,soft,"[128, 128]",10000,0.8148148148148149,0.0,0.18518518518518515,145.77777777777777,19.58793609417526,-0.3123375243610806,35.64977703732539,0.8157817676410725,0.7206980718858002,0.712522765915887,0.6208626347866854,0.9671568870544434,0.9624372124671936,-0.004719674587249756,0.6863325834274292,39.024852967359585,0.12192516028881072,32.36696518701501
xh30lv7f,ppo_chri binary_bernulli seg1 tot_queries=100000 fragmenter_type=random seed=0,finished,0.0003,100,500,1.0,random,binary_bernulli,"[128, 128]",100000,0.5806451612903224,0.0,0.29032258064516125,125.48387096774196,17.02248392640949,-0.5230541556112227,15.11686933900597,0.7989571712174941,0.6320033305483665,0.7939896010493244,0.9378809188935772,0.5031499862670898,0.5130500197410583,0.009900033473968506,0.6870774030685425,22.503737732057647,0.08915761858224869,35.486734771868214
9d80f0i7,ppo_chri binary_bernulli seg1 tot_queries=50000 fragmenter_type=random seed=0,finished,0.0003,100,500,1.0,random,binary_bernulli,"[128, 128]",50000,0.6842105263157895,0.0,0.3157894736842105,200.57894736842104,16.740421342727767,-0.4416734889933936,12.506895012467345,0.7928812440880073,0.5600097927900111,0.5530815601486927,0.27266760431317394,0.5098000168800354,0.5238749980926514,0.014074981212615969,0.6878155469894409,18.85118109078762,-0.297525018453598,42.6216682549566
nteq1yho,ppo_chri binary_bernulli seg1 tot_queries=10000 fragmenter_type=random seed=0,finished,0.0003,100,500,1.0,random,binary_bernulli,"[128, 128]",10000,0.1904761904761905,0.0,0.8095238095238095,193.09523809523807,10.95934394268848,-0.07326824324471648,-36.94758782842791,0.797192972645143,0.7055402733120523,0.5225855041566384,0.06542428504453822,0.5308823585510254,0.5888190865516663,0.05793672800064087,0.6891145706176758,-32.56332473456534,-0.231402650475502,33.72936389199458
ft6cafy4,ppo_chri soft seg1 tot_queries=10000 fragmenter_type=random seed=0,finished,0.0003,100,500,1.0,random,soft,"[32, 32]",10000,0.8461538461538459,0.0,0.15384615384615383,153.6923076923077,20.82904542925172,0.2442057637067941,43.092316178001795,0.816081477051047,0.7258687789270033,0.7181455137444103,0.6168776371308018,0.9588235020637512,0.9658291339874268,0.007005631923675537,0.6865378618240356,37.21104468703011,-0.21494486927986145,28.871915679890662
0cqyv6qe,ppo_chri binary_bernulli seg1 tot_queries=100000 fragmenter_type=random seed=0,finished,0.0003,100,500,1.0,random,binary_bernulli,"[32, 32]",100000,0.7037037037037035,0.0,0.25925925925925924,157.62962962962962,17.80404768439355,-0.03358682879695176,21.299534547226635,0.8073762810067827,0.7769332643757269,0.8428060936694269,0.937974683544304,0.5053499937057495,0.5133000016212463,0.007950007915496826,0.6874566078186035,22.053373891268716,0.10153892636299132,40.04144848603755
o4tyttxg,ppo_chri binary_bernulli seg1 tot_queries=50000 fragmenter_type=random seed=0,finished,0.0003,100,500,1.0,random,binary_bernulli,"[32, 32]",50000,0.21052631578947367,0.0,0.6842105263157896,230.47368421052627,12.609004509306065,0.9440629043077166,-43.193671227770984,0.7870232874385024,0.5379877454960597,0.22786230581076036,-0.3982184716361932,0.5128999948501587,0.5210999846458435,0.008199989795684814,0.6859835982322693,-35.50410522997539,-0.3444801867008209,40.6478053170722
kd23apm1,ppo_chri binary_bernulli seg1 tot_queries=10000 fragmenter_type=random seed=0,finished,0.0003,100,500,1.0,random,binary_bernulli,"[32, 32]",10000,0.0,0.5555555555555556,0.44444444444444464,445.55555555555554,3.3999479424150416,6.037607312202454,-108.16516872931088,0.4922863290384054,0.037756370694593026,-0.3576355657249999,-0.36962025316455693,0.4901960790157318,0.54258793592453,0.05239185690879822,0.691935122013092,-93.16169800938164,-0.6781282424926758,36.654056490864605
vsboja3m,ppo_chri soft seg2 tot_queries=10000 fragmenter_type=active seed=0,finished,0.0003,100,500,2.0,active,soft,"[128, 128]",10000,0.9090909090909088,0.0,0.0,187.5909090909091,19.58878590025421,-0.27033049139109544,41.68523779567551,0.8152640877511161,0.7086631161243934,0.7095763740441636,0.6834270979840601,0.95686274766922,0.9621859192848206,0.005323171615600586,0.6887956857681274,42.80137762849101,0.47453150153160095,37.59818428079598
bjt034ej,ppo_chri binary_bernulli seg2 tot_queries=100000 fragmenter_type=active seed=0,finished,0.0003,100,500,2.0,active,binary_bernulli,"[128, 128]",100000,1.0,0.0,0.0,245.6,15.47650161671594,-0.3082500219345093,42.62574254665219,0.7990661564574849,0.6153321543040227,0.623608940328664,0.4153070792311299,0.5055999755859375,0.5144500136375427,0.008850038051605225,0.689250111579895,30.16418703945636,0.1974654495716095,50.10206235316582
3zv67ymv,ppo_chri binary_bernulli seg2 tot_queries=50000 fragmenter_type=active seed=0,finished,0.0003,100,500,2.0,active,binary_bernulli,"[128, 128]",50000,0.7647058823529412,0.0,0.2352941176470588,230.35294117647055,14.168493545042145,-0.6774307629641365,15.216126015436451,0.7944751532228728,0.5894786190980067,0.4601291974338323,0.2576418190342241,0.512499988079071,0.5177749991416931,0.00527501106262207,0.688737154006958,10.999551885402797,-0.07654543966054916,44.540323205059394
pjfmetmb,ppo_chri binary_bernulli seg2 tot_queries=10000 fragmenter_type=active seed=0,finished,0.0003,100,500,2.0,active,binary_bernulli,"[128, 128]",10000,0.0,1.0,0.0,600.0,0.4442799606172826,-23.818138313293456,-114.47752607180604,-0.07167823002644372,0.00969282365215097,0.022875042393095395,0.6266057196436945,0.4931372404098511,0.5994974970817566,0.10636025667190552,0.7150954604148865,-82.57445395123376,1.3719806671142578,47.14034303999506
u7oflwu4,ppo_chri soft seg2 tot_queries=10000 fragmenter_type=active seed=0,finished,0.0003,100,500,2.0,active,soft,"[32, 32]",10000,0.7916666666666666,0.0,0.20833333333333337,169.75000000000006,20.05191631378841,-0.40052857374151546,35.304692786219334,0.8154548119211001,0.6973007726610292,0.704019634994844,0.5906000937646507,0.9441176652908324,0.9435929656028748,-0.0005246996879577637,0.688666582107544,39.58259763545814,-0.13369789719581604,40.555013911100104
e7n3q2h6,ppo_chri binary_bernulli seg2 tot_queries=100000 fragmenter_type=active seed=0,finished,0.0003,100,500,2.0,active,binary_bernulli,"[32, 32]",100000,0.8333333333333334,0.0,0.16666666666666666,200.11111111111111,16.80724389762207,1.6331628229882982,30.382272253620062,0.8095832321165962,0.724079149776854,0.8269999914492242,0.6502344116268167,0.5044999718666077,0.5129749774932861,0.008475005626678467,0.6883817315101624,11.592136456137151,-0.35827094316482544,45.74304127506912
xa5xgw1b,ppo_chri binary_bernulli seg2 tot_queries=50000 fragmenter_type=active seed=0,finished,0.0003,100,500,2.0,active,binary_bernulli,"[32, 32]",50000,0.5555555555555556,0.0,0.4444444444444444,114.3888888888889,16.569634496506467,-0.13879665152894133,11.365639482410792,0.8066406306368448,0.6786778196589721,0.5758485881758187,0.8027894983591186,0.5094000101089478,0.5208500027656555,0.011449992656707764,0.6887515783309937,22.003464425979875,0.10621882230043413,41.793683398049325
bxls35aj,ppo_chri binary_bernulli seg2 tot_queries=10000 fragmenter_type=active seed=0,finished,0.0003,100,500,2.0,active,binary_bernulli,"[32, 32]",10000,0.27272727272727276,0.5454545454545454,0.18181818181818185,428.8181818181818,8.70454001020831,-2.9181789593263106,-56.9013456115984,0.6801973175150283,0.3095157609716287,0.11682953839222832,0.06418190342240976,0.5186274647712708,0.5542713403701782,0.03564387559890747,0.6929324865341187,-62.55276948108056,4.512356281280518,43.03305922704749
kba0li15,ppo_chri soft seg2 tot_queries=10000 fragmenter_type=random seed=0,finished,0.0003,100,500,2.0,random,soft,"[128, 128]",10000,0.7586206896551724,0.0,0.24137931034482765,132.82758620689654,20.402133208890557,-0.2458054896058708,31.75137223470469,0.8149916246511392,0.7253222814348436,0.7195737036944513,0.7642756680731365,0.943137228488922,0.944095492362976,0.0009582638740539552,0.6896504163742065,46.00507612898655,0.19948948919773105,44.32677838392556
30u065n5,ppo_chri binary_bernulli seg2 tot_queries=100000 fragmenter_type=random seed=0,finished,0.0003,100,500,2.0,random,binary_bernulli,"[128, 128]",100000,0.8333333333333334,0.0,0.16666666666666666,342.50000000000006,10.116787907110936,-0.27244316041469574,0.09220891988364475,0.8329878124046187,0.5090053620107556,0.20564135041159137,0.07292545710267229,0.5048999786376953,0.5105875134468079,0.005687534809112549,0.6905794143676758,-6.188242392502679,-0.24276508390903473,47.04021106986329
0e7e2lc8,ppo_chri binary_bernulli seg2 tot_queries=50000 fragmenter_type=random seed=0,finished,0.0003,100,500,2.0,random,binary_bernulli,"[128, 128]",50000,0.0,0.7999999999999999,0.2,480.6,4.355563561650751,0.4044770419597626,-100.48087173142444,0.5920486930949763,0.30195487808559524,0.014833972926477394,0.23633380215658695,0.5055999755859375,0.5155749917030334,0.009975016117095947,0.6911429762840271,-101.04937088567944,-0.4932277500629425,48.2379611551296
thlmc725,ppo_chri binary_bernulli seg2 tot_queries=10000 fragmenter_type=random seed=0,finished,0.0003,100,500,2.0,random,binary_bernulli,"[128, 128]",10000,0.0,0.5,0.5,324.9,8.266184871821043,-1.8641930520534515,-75.27858653764694,0.5619892015900161,0.265910065470843,0.25128342083181265,0.5462962962962964,0.5063725709915161,0.5858040452003479,0.07943147420883179,0.7101041674613953,-75.65696649209457,-0.7634806036949158,45.05805101012811
o7bnaoac,ppo_chri soft seg2 tot_queries=10000 fragmenter_type=random seed=0,finished,0.0003,100,500,2.0,random,soft,"[32, 32]",10000,0.7586206896551724,0.0,0.24137931034482765,136.7241379310345,23.136063458098672,0.04317804451646476,35.20145040115323,0.815550174006092,0.7193528472897147,0.7134708920171748,0.5561181434599157,0.9313725233078004,0.9386934638023376,0.0073209404945373535,0.6892897486686707,34.34028416695601,-0.165285125374794,41.275434027193114
a1j6lkky,ppo_chri binary_bernulli seg2 tot_queries=100000 fragmenter_type=random seed=0,finished,0.0003,100,500,2.0,random,binary_bernulli,"[32, 32]",100000,0.7777777777777778,0.0,0.2222222222222222,230.66666666666669,14.462403135749357,0.13282715943124562,14.519203430529956,0.8047878815570014,0.6738614351676308,0.8295083250589602,0.8770511017346461,0.4984500110149383,0.5091249942779541,0.010674983263015749,0.6905583739280701,15.657260208393428,-0.8743280172348022,46.13172875600867
x9ezhabo,ppo_chri binary_bernulli seg2 tot_queries=50000 fragmenter_type=random seed=0,finished,0.0003,100,500,2.0,random,binary_bernulli,"[32, 32]",50000,0.0,0.2,0.8,277.4,4.347497348851177,0.5261668761571249,-91.6003279496076,0.5929478213249002,0.2246044638106854,0.2989957665997826,0.6323722456633849,0.5060999989509583,0.5180000066757202,0.011900007724761965,0.6914851069450378,-81.38542913548828,-0.5928995013237,43.91775522008538
6ephdeew,ppo_chri binary_bernulli seg2 tot_queries=10000 fragmenter_type=random seed=0,finished,0.0003,100,500,2.0,random,binary_bernulli,"[32, 32]",10000,0.0,0.7499999999999999,0.25,468.5,0.2644547318843537,3.381329849362374,-103.4625666348067,0.5171622100663036,0.30680729537861756,0.27022193966513086,0.7672995780590718,0.4985294044017792,0.5386934876441956,0.04016408324241638,0.6913824081420898,-102.90561653551968,-3.8372743129730225,41.84257302200422
95mio8ef,ppo_chri soft seg25 tot_queries=10000 fragmenter_type=active seed=0,finished,0.0003,100,500,25.0,active,soft,"[128, 128]",10000,0.8500000000000001,0.0,0.15,213.55,15.48784327965785,0.014928877353668211,29.12724398494337,0.8525097935179693,0.7166684035644908,0.7491036311908896,0.889381153305204,0.8671568632125854,0.8614321351051331,-0.005724728107452393,0.691959798336029,28.115903101644744,0.0048715160228312016,63.73419963289052
0s2x6aap,ppo_chri binary_bernulli seg25 tot_queries=100000 fragmenter_type=active seed=0,finished,0.0003,100,500,25.0,active,binary_bernulli,"[128, 128]",100000,0.6071428571428571,0.0,0.3928571428571429,157.5,14.6421899442985,0.04990060308149874,14.795100325754788,0.6573580981594581,0.6240340759099501,0.6474681136117036,0.8759024847632443,0.4963635504245758,0.5044392347335815,0.008075684309005737,0.6934698820114136,14.912575512404604,-0.15365839004516602,63.99683871399611
a2n8o4o1,ppo_chri binary_bernulli seg25 tot_queries=50000 fragmenter_type=active seed=0,finished,0.0003,100,500,25.0,active,binary_bernulli,"[128, 128]",50000,0.0,0.5555555555555556,0.4444444444444444,458.0,2.4192265976624325,2.69754421710968,-110.2300716639416,0.619179206275184,0.1371288322634543,-0.15859509323376658,-0.3999531176746367,0.5098000168800354,0.509850025177002,5.0008296966552734e-05,0.6928902864456177,-100.63421546897352,-0.7580446004867554,64.68004978192039
og9wmunp,ppo_chri binary_bernulli seg25 tot_queries=10000 fragmenter_type=active seed=0,finished,0.0003,100,500,25.0,active,binary_bernulli,"[128, 128]",10000,0.0,0.7000000000000001,0.3,422.7,7.917696437157505,-55.7302001953125,-84.80706139304104,0.25679647172830256,0.03490377389485838,-0.05150485017312114,-0.24505391467416787,0.5151960849761963,0.5481155514717102,0.032919466495513916,0.7022140622138977,-94.71004651190222,3.4415531158447266,59.723656514892355
gpbe3ve2,ppo_chri soft seg25 tot_queries=10000 fragmenter_type=active seed=0,finished,0.0003,100,500,25.0,active,soft,"[32, 32]",10000,0.9090909090909088,0.0,0.09090909090909093,184.77272727272728,19.03735767786534,0.11035970395261596,43.202440909843226,0.8556703654777021,0.6802392410651428,0.668944970045305,0.5984060009376465,0.8264706134796143,0.8183417320251465,-0.008128881454467773,0.6903090476989746,44.120081892809075,0.23160892724990845,56.886382828932256
j50bx8p8,ppo_chri binary_bernulli seg25 tot_queries=100000 fragmenter_type=active seed=0,finished,0.0003,100,500,25.0,active,binary_bernulli,"[32, 32]",100000,0.0,0.6999999999999998,0.3,421.3,8.21082635229623,-0.893822705745697,-96.25333634113494,0.5911359417100533,0.6286883127937276,0.6864252949380351,0.9092358180965776,0.5033853054046631,0.5064573287963867,0.003072023391723633,0.6930201649665833,-104.53145074695271,0.6608114838600159,55.81887467298657
45e1ac6w,ppo_chri binary_bernulli seg25 tot_queries=50000 fragmenter_type=active seed=0,finished,0.0003,100,500,25.0,active,binary_bernulli,"[32, 32]",50000,0.0,1.0,0.0,600.0,0.28358598597801243,1.02844750136137,-116.40263988798452,0.4707617441402241,0.12609078401521795,-0.3568014547877911,-0.6161744022503516,0.4912999868392944,0.5091000199317932,0.01780003309249878,0.6934469938278198,-98.17963090916103,0.787656843662262,57.64839789108373
82zjlyj3,ppo_chri binary_bernulli seg25 tot_queries=10000 fragmenter_type=active seed=0,finished,0.0003,100,500,25.0,active,binary_bernulli,"[32, 32]",10000,0.0,0.0,0.9940476190476192,24.21428571428571,27.139782501826065,-0.08131649628991185,-41.32247725302669,0.6807763016024794,0.5662855057494273,0.6071727543069724,0.8014299109235818,0.5088235139846802,0.5442211031913757,0.03539758920669556,0.6950201988220215,-41.72845704842083,-0.014404748566448689,56.07188380812295
0a355kza,ppo_chri soft seg25 tot_queries=10000 fragmenter_type=random seed=0,finished,0.0003,100,500,25.0,random,soft,"[128, 128]",10000,0.95,0.0,0.05,215.25,15.8614698892486,0.43977118134498594,41.77077499460264,0.8564468853126366,0.7539203150355518,0.7150371003237326,0.5381387716830756,0.9004902243614197,0.9016331434249878,0.0011429190635681152,0.6874009370803833,29.423398453511208,0.23729532957077024,64.4329873509705
6w7gkc85,ppo_chri binary_bernulli seg25 tot_queries=100000 fragmenter_type=random seed=0,finished,0.0003,100,500,25.0,random,binary_bernulli,"[128, 128]",100000,0.9166666666666669,0.0,0.08333333333333333,312.1666666666667,12.115861371226028,0.6280228694279988,17.774111633998807,0.8435457575287265,0.691061092503294,0.6938062766126173,0.9017580872011252,0.5052000284194946,0.5136250257492065,0.008424997329711914,0.6886262893676758,12.037838431558937,-0.008358671329915524,61.79798340797424
m4ckjw49,ppo_chri binary_bernulli seg25 tot_queries=50000 fragmenter_type=random seed=0,finished,0.0003,100,500,25.0,random,binary_bernulli,"[128, 128]",50000,0.0,1.0,0.0,600.0,1.923693134806227,-1.5681443214416504,-96.75415624502192,0.5994596894143501,0.2692430996263224,-0.2829496324552031,-0.3772855133614628,0.5073999762535095,0.5143499970436096,0.006950020790100098,0.6905640363693237,-82.84986758152807,-0.05331561714410782,64.6260474389419
90ierrht,ppo_chri binary_bernulli seg25 tot_queries=10000 fragmenter_type=random seed=0,finished,0.0003,100,500,25.0,random,binary_bernulli,"[128, 128]",10000,0.09302325581395347,0.0,0.9069767441860466,106.72093023255816,16.30710473673936,2.2026308636332645,-43.96957015008955,0.7397100701274999,0.13636613796120944,-0.275382626039229,-0.362822315986873,0.5137255191802979,0.5610553026199341,0.04732978343963623,0.6902052760124207,-53.75269206743776,-1.3950797319412231,62.743382374057546
1xrey3v5,ppo_chri soft seg25 tot_queries=10000 fragmenter_type=random seed=0,finished,0.0003,100,500,25.0,random,soft,"[32, 32]",10000,0.7647058823529412,0.0,0.17647058823529413,237.41176470588235,13.81900136052631,0.05069610651801615,11.607757616908389,0.858217895462487,0.7447799943425073,0.7059818959766232,0.5108298171589312,0.8882352709770203,0.8922110795974731,0.003975808620452881,0.6867585778236389,16.357825201468152,-0.0922359898686409,55.20256296079606
0hmhikyy,ppo_chri binary_bernulli seg25 tot_queries=100000 fragmenter_type=random seed=0,finished,0.0003,100,500,25.0,random,binary_bernulli,"[32, 32]",100000,0.0,0.10526315789473684,0.15789473684210523,228.84210526315792,5.567177167987569,-0.6422227746561955,-83.2809567810222,0.7447642606320729,0.46460093940604424,-0.05599344715896463,-0.020815752461322085,0.5125499963760376,0.5167750120162964,0.004225015640258789,0.6875452399253845,-89.41752627481995,0.6189760565757751,61.44963585422374
5ulnu2du,ppo_chri binary_bernulli seg25 tot_queries=50000 fragmenter_type=random seed=0,finished,0.0003,100,500,25.0,random,binary_bernulli,"[32, 32]",50000,0.2352941176470588,0.0,0.7647058823529411,201.94117647058823,12.571663987729009,1.0878589083166683,-41.584944411061834,0.7514396065815089,0.4653095845057678,-0.13741827670563606,-0.14962494139709331,0.5141000151634216,0.5241000056266785,0.009999990463256836,0.6848108172416687,-48.51957027748218,0.6016054749488831,57.15239378390834
5e7e5962,ppo_chri binary_bernulli seg25 tot_queries=10000 fragmenter_type=random seed=0,finished,0.0003,100,500,25.0,random,binary_bernulli,"[32, 32]",10000,0.08571428571428572,0.0,0.914285714285714,112.74285714285716,14.557653489286814,-4.906384348869324,-36.47801601132002,0.6188794968652093,0.4339370251756336,0.5775048084540176,0.6803328645100797,0.529411792755127,0.5513818860054016,0.021970093250274655,0.6716748476028442,-34.028248375491984,-0.1326003223657608,61.92148973909207
3qxqrbd7,ppo_chri soft segNone tot_queries=10000 fragmenter_type=active seed=0,finished,0.0003,100,500,,active,soft,"[128, 128]",10000,0.7777777777777781,0.0,0.2222222222222222,148.22222222222223,21.40292383226337,-0.28382688539999495,32.1443148648289,0.8492674826282431,0.7536800963576794,0.7542043095838935,0.792780121894046,0.9140425324440002,0.9135555624961852,-0.0004869699478149414,0.6811354756355286,40.30089028867531,0.015493850223720074,149.63194364402443
ydutquon,ppo_chri binary_bernulli segNone tot_queries=100000 fragmenter_type=active seed=0,finished,0.0003,100,500,,active,binary_bernulli,"[128, 128]",100000,0.5555555555555555,0.0,0.4444444444444444,208.33333333333337,13.429286099574554,8.102897511588203,1.8475835698930132,0.7958034108352605,0.5239589747083121,0.37278758095127634,0.1304969526488514,0.5368043184280396,0.5758136510848999,0.03900933265686035,0.6829737424850464,7.219880959593839,-6.298462390899658,117.27872778940946
9wn22gas,ppo_chri binary_bernulli segNone tot_queries=50000 fragmenter_type=active seed=0,finished,0.0003,100,500,,active,binary_bernulli,"[128, 128]",50000,0.0,1.0,0.0,600.0,2.342363067242924,-28.533604894365585,-91.73849045442994,0.07072460917652429,-0.10851878772885255,-0.288236335589599,-0.5669714017815284,0.4908565878868103,0.5856854915618896,0.09482890367507936,0.7290746569633484,-82.62272641595426,7.508163928985596,165.22864436497912
h0d9b7ak,ppo_chri binary_bernulli segNone tot_queries=10000 fragmenter_type=active seed=0,finished,0.0003,100,500,,active,binary_bernulli,"[128, 128]",10000,0.12903225806451618,0.03225806451612903,0.7419354838709677,124.54838709677422,17.339170807394616,1.195536905719388,-37.32808235044904,0.4671788543755268,0.19775402109149895,-0.21302233208617355,0.09908579465541494,0.5281227231025696,0.5992786884307861,0.07115596532821655,0.6892831921577454,-46.7939889544266,-1.6927036046981812,137.17068816302344
gbb9gw4z,ppo_chri soft segNone tot_queries=10000 fragmenter_type=active seed=0,finished,0.0003,100,500,,active,soft,"[32, 32]",10000,0.8500000000000001,0.0,0.15,198.04999999999995,14.563475251692088,0.11297227144241336,31.62450039907008,0.8522781998829887,0.7413208453811448,0.722724122701895,0.6756211908110643,0.9158878326416016,0.9057394862174988,-0.010148346424102783,0.6833956837654114,26.874050691681767,-0.13808110356330872,124.3453040579334
wgmh6gn8,ppo_chri binary_bernulli segNone tot_queries=100000 fragmenter_type=active seed=0,finished,0.0003,100,500,,active,binary_bernulli,"[32, 32]",100000,0.5416666666666665,0.0,0.4583333333333333,177.20833333333334,14.238704352167874,4.259579360485077,-0.27119251643213493,0.8214353769655948,0.5761284660752485,0.18375643970654965,0.3957337083919362,0.5346074104309082,0.5618036985397339,0.027196288108825684,0.6779201030731201,-12.043918190993525,-0.8879401683807373,87.34721749136224
54j9y7pu,ppo_chri binary_bernulli segNone tot_queries=50000 fragmenter_type=active seed=0,finished,0.0003,100,500,,active,binary_bernulli,"[32, 32]",50000,0.7777777777777777,0.2222222222222222,0.0,404.5555555555555,8.475511105238105,2.7383831077151837,-5.347223138626163,0.30551968558168585,-0.0718013628160576,-0.4185196633431389,-0.22182372245663384,0.5082116723060608,0.5580229163169861,0.04981124401092529,0.6918461322784424,-20.707735054404203,0.19472788274288175,131.03342722263187
wwwudfn9,ppo_chri binary_bernulli segNone tot_queries=10000 fragmenter_type=active seed=0,finished,0.0003,100,500,,active,binary_bernulli,"[32, 32]",10000,0.0,0.0,1.0,24.234939759036138,22.76002016410608,0.2208598392555512,-43.96787713630624,0.3833555816676093,0.348809531204605,0.4564867129814166,0.8213783403656821,0.4950980246067047,0.5408291220664978,0.04573109745979309,0.6996166706085205,-44.59833819533837,-0.3339869976043701,72.78284422820434
nczd0hmg,ppo_chri soft segNone tot_queries=10000 fragmenter_type=random seed=0,finished,0.0003,100,500,,random,soft,"[128, 128]",10000,0.8000000000000003,0.0,0.15,199.00000000000009,16.984906623002534,0.3272999823093415,28.583851127410515,0.84729212515341,0.7504311387394553,0.7369700174136495,0.7062587904360056,0.920098066329956,0.9150753617286682,-0.005022704601287842,0.665679395198822,28.52362584787907,-0.06851882487535477,159.43321737786755
65eprj9m,ppo_chri binary_bernulli segNone tot_queries=100000 fragmenter_type=random seed=0,finished,0.0003,100,500,,random,binary_bernulli,"[128, 128]",100000,0.6874999999999999,0.0,0.3125,233.49999999999997,12.569893942462846,-0.3637348487973213,8.744002149595028,0.8133977155162739,0.5938505990352841,0.6445997321154026,0.34624941397093295,0.5458999872207642,0.552174985408783,0.006274998188018799,0.6694784760475159,8.873745116729745,0.4778995811939239,131.5125419315882
ia246jzh,ppo_chri binary_bernulli segNone tot_queries=50000 fragmenter_type=random seed=0,finished,0.0003,100,500,,random,binary_bernulli,"[128, 128]",50000,0.5833333333333333,0.0,0.4166666666666666,179.20833333333337,12.783420492030332,-0.40751563012599945,6.9264764325396,0.5607971755276168,0.21392674357925764,0.1991544876553122,0.5469526488513831,0.5554999709129333,0.5627250075340271,0.00722503662109375,0.6562439799308777,8.225899795011115,0.17977607250213623,138.0727393096313
gz8mm3ck,ppo_chri binary_bernulli segNone tot_queries=10000 fragmenter_type=random seed=0,finished,0.0003,100,500,,random,binary_bernulli,"[128, 128]",10000,0.019354838709677424,0.0,0.9806451612903216,25.89032258064514,27.73885626594705,-0.11055034495169104,-38.74445230714615,0.07652126162853452,0.12767622728917571,0.2930009692884756,0.5278246601031412,0.5578431487083435,0.5961055159568787,0.03826236724853515,0.665723443031311,-38.2247759829323,0.5297996401786804,65.35297420294955
cb9im5hp,ppo_chri soft segNone tot_queries=10000 fragmenter_type=random seed=0,finished,0.0003,100,500,,random,soft,"[32, 32]",10000,0.9473684210526316,0.0,0.05263157894736842,204.78947368421052,18.215048073497343,0.5063909166737606,44.13783853798345,0.8527277639979508,0.7640275159070326,0.7664699409195407,0.8093764650726677,0.9269607663154602,0.9126884341239928,-0.014272332191467283,0.662905752658844,32.196557874185196,0.5735486745834351,130.40393168991432
xhkdftta,ppo_chri binary_bernulli segNone tot_queries=100000 fragmenter_type=random seed=0,finished,0.0003,100,500,,random,binary_bernulli,"[32, 32]",100000,0.7200000000000002,0.0,0.28,173.84000000000006,17.240167102240356,-0.564587092399597,22.146954868363157,0.6689514030634786,0.45616325834577653,0.5362913270385455,0.8514299109235819,0.5651999711990356,0.5648750066757202,-0.0003249645233154297,0.6478880643844604,25.9663953411008,-0.566536009311676,102.47573755215852
xxx7bvat,ppo_chri binary_bernulli segNone tot_queries=50000 fragmenter_type=random seed=0,finished,0.0003,100,500,,random,binary_bernulli,"[32, 32]",50000,0.7777777777777778,0.0,0.2222222222222222,219.72222222222217,14.666800849530349,0.058005438910590235,19.788417671314953,0.7757569382544544,0.6933071371414008,0.6776401265058494,0.8067276136896391,0.5471000075340271,0.5524749755859375,0.0053749680519104,0.6655007600784302,18.28169171810447,0.23792749643325808,111.52957514300942
o5qfblx4,ppo_chri binary_bernulli segNone tot_queries=10000 fragmenter_type=random seed=0,finished,0.0003,100,500,,random,binary_bernulli,"[32, 32]",10000,0.2222222222222222,0.5555555555555556,0.1111111111111111,434.8888888888889,6.566723067933915,-0.9148768716388274,-55.484417535502274,0.643653204230616,0.4526200328471588,0.07919253264996852,-0.4150492264416315,0.5392156839370728,0.5484924912452698,0.00927680730819702,0.6820856332778931,-44.77048611115072,0.2036949098110199,175.61972130881622
s39p3q10,ppo_chri soft seg1 tot_queries=10000 fragmenter_type=active seed=0,finished,0.0003,300,100,1.0,active,soft,"[128, 128]",10000,0.9047619047619048,0.0,0.09523809523809525,190.66666666666669,18.395300205032104,0.2549821237723034,43.25465240535728,0.8160406075860506,0.7256705985177586,0.7190276310664944,0.6645100796999532,0.8950980305671692,0.8977386951446533,0.002640664577484131,0.6861317753791809,32.81185764456236,-0.3801172971725464,25.725379465147853
errqd1rj,ppo_chri binary_bernulli seg1 tot_queries=100000 fragmenter_type=active seed=0,finished,0.0003,300,100,1.0,active,binary_bernulli,"[128, 128]",100000,0.0,0.1111111111111111,0.0,208.27777777777777,2.6113607601792923,-0.4521748820940655,-81.04222483663185,0.7213324340340527,0.5359278703333039,0.4757192709220962,0.6923112986404126,0.5101000070571899,0.5141624808311462,0.004062473773956299,0.687337338924408,-85.80265733525553,0.16700716316699982,19.82442537229508
ie1bpvcc,ppo_chri binary_bernulli seg1 tot_queries=50000 fragmenter_type=active seed=0,finished,0.0003,300,100,1.0,active,binary_bernulli,"[128, 128]",50000,0.8888888888888888,0.0,0.1111111111111111,222.55555555555551,14.324612107700135,0.12391812602678944,31.428066935237133,0.811681197986419,0.7499266795159233,0.901643919132255,0.8177215189873419,0.5134000182151794,0.5231000185012817,0.009700000286102297,0.6854900121688843,32.98744807527988,-0.46638041734695435,19.894736340269446
pxl8oucf,ppo_chri binary_bernulli seg1 tot_queries=10000 fragmenter_type=active seed=0,finished,0.0003,300,100,1.0,active,binary_bernulli,"[128, 128]",10000,0.09090909090909093,0.5454545454545454,0.3636363636363637,346.2727272727273,12.757643599901456,-3.6496313701976426,-59.22994738230743,0.47851331933456914,0.4504580647463072,0.4620074472420797,0.3685419596812002,0.5029411911964417,0.6689698696136475,0.1660286784172058,0.7719736099243164,-63.295433643337645,4.141083717346191,22.483192852232605
lkqhu9z8,ppo_chri soft seg1 tot_queries=10000 fragmenter_type=active seed=0,finished,0.0003,300,100,1.0,active,soft,"[32, 32]",10000,0.8518518518518521,0.0,0.14814814814814814,135.81481481481484,24.09835744159408,0.3776402848738213,44.79887061023301,0.8157817676410725,0.7268296536384928,0.7210438992312584,0.5939990623534928,0.9676470756530762,0.956532657146454,-0.011114418506622314,0.682142972946167,37.94989654139698,-0.025124015286564827,16.074658994097263
449yc9rj,ppo_chri binary_bernulli seg1 tot_queries=100000 fragmenter_type=active seed=0,finished,0.0003,300,100,1.0,active,binary_bernulli,"[32, 32]",100000,0.8181818181818181,0.0,0.18181818181818185,182.40909090909088,16.516363433983198,-0.39973216029730696,33.268947797251116,0.8085478723366838,0.6944902141299223,0.8397516874317339,0.8799343647444914,0.5087500214576721,0.5175625085830688,0.008812487125396729,0.6819798350334167,33.87453879194885,0.3194066882133484,20.912381656933576
0igdeo0d,ppo_chri binary_bernulli seg1 tot_queries=50000 fragmenter_type=active seed=0,finished,0.0003,300,100,1.0,active,binary_bernulli,"[32, 32]",50000,0.59375,0.0,0.37499999999999994,124.8125,20.942521787292016,0.23125677742064005,20.957266802456942,0.8025128146721936,0.6140409789104586,0.4887410028195298,0.39299109235818097,0.5198000073432922,0.5226250290870667,0.002825021743774414,0.6830912828445435,4.257455774384465,0.03445373848080635,18.552495972719043
eilrslp5,ppo_chri binary_bernulli seg1 tot_queries=10000 fragmenter_type=active seed=0,finished,0.0003,300,100,1.0,active,binary_bernulli,"[32, 32]",10000,0.5517241379310345,0.0,0.4482758620689656,129.0,20.578928594142912,1.2287093647595106,14.125049565617685,0.7746943321645441,0.08198663475784698,-0.3594418059559342,-0.3780356305672762,0.5254902243614197,0.5771356821060181,0.05164545774459839,0.6763535737991333,1.6406071237959516,0.6409713625907898,17.164753942750394
g17soh0r,ppo_chri soft seg1 tot_queries=10000 fragmenter_type=random seed=0,finished,0.0003,300,100,1.0,random,soft,"[128, 128]",10000,0.88,0.0,0.12,157.48000000000005,20.51115766487893,-0.4662161946296693,42.99665314973842,0.8157272750210771,0.732474792568494,0.7266726478578911,0.7117909048288796,0.9411764740943908,0.948492467403412,0.007315993309020996,0.6869651079177856,52.12489103813039,0.34232866764068604,18.41076176101342
tevi6d26,ppo_chri binary_bernulli seg1 tot_queries=100000 fragmenter_type=random seed=0,finished,0.0003,300,100,1.0,random,binary_bernulli,"[128, 128]",100000,0.9565217391304348,0.0,0.043478260869565216,165.52173913043475,20.42254258169931,0.2479005041329757,52.372503252941314,0.7999244152224123,0.6225807529088221,0.5668293886173658,0.5905063291139241,0.5002999901771545,0.5137374997138977,0.013437509536743164,0.6868177056312561,35.836095423463476,-0.611233651638031,22.332048247102648
kczpp2tx,ppo_chri binary_bernulli seg1 tot_queries=50000 fragmenter_type=random seed=0,finished,0.0003,300,100,1.0,random,binary_bernulli,"[128, 128]",50000,0.0,0.18181818181818185,0.8181818181818183,197.36363636363637,16.234421279772885,0.4149265126748518,-56.894040285525115,0.6837665841247268,0.4598145822494369,0.36675677885131286,0.4206985466479138,0.524399995803833,0.5234000086784363,-0.0009999871253967283,0.6832581758499146,-35.111381807153656,0.2437569946050644,18.858421490062028
n83wwx9a,ppo_chri binary_bernulli seg1 tot_queries=10000 fragmenter_type=random seed=0,finished,0.0003,300,100,1.0,random,binary_bernulli,"[128, 128]",10000,0.05263157894736842,0.0,0.9473684210526314,50.236842105263165,22.284021939247065,-0.4006399590718116,-36.32387409672006,0.7846188005812055,0.019848068259206292,-0.43666607682601416,-0.3564932020628223,0.5127450823783875,0.652763843536377,0.1400187611579895,0.7270157933235168,-37.07485553369184,0.16953739523887634,18.515535125043243
n03sy7xc,ppo_chri soft seg1 tot_queries=10000 fragmenter_type=random seed=0,finished,0.0003,300,100,1.0,random,soft,"[32, 32]",10000,0.7419354838709676,0.0,0.25806451612903225,132.1612903225806,19.94591268667239,-0.5850586737355878,29.924202991835205,0.8160678538960482,0.7333215634079943,0.7275427635837564,0.6561181434599157,0.9598039388656616,0.9564070105552672,-0.003396928310394287,0.6860244274139404,46.98320551300841,0.4755234718322754,19.725548576097935
h52s4xp4,ppo_chri binary_bernulli seg1 tot_queries=100000 fragmenter_type=random seed=0,finished,0.0003,300,100,1.0,random,binary_bernulli,"[32, 32]",100000,0.814814814814815,0.0,0.18518518518518515,155.51851851851853,17.951315063901426,-0.11486542887157863,35.85209678988992,0.8038070143970842,0.6349640257531438,0.7220700357079686,0.8613924050632913,0.5063499808311462,0.5155624747276306,0.009212493896484377,0.6870472431182861,34.794625414329666,-0.22853267192840576,24.289399397093803
ccj8t143,ppo_chri binary_bernulli seg1 tot_queries=50000 fragmenter_type=random seed=0,finished,0.0003,300,100,1.0,random,binary_bernulli,"[32, 32]",50000,0.6,0.0,0.4,271.2666666666666,10.409246200844231,-0.05749694903691632,-7.900890704600931,0.7936577639229419,0.5420354302182094,0.47296490458987406,-0.1841772151898734,0.5030999779701233,0.5198000073432922,0.016700029373168945,0.6873391270637512,2.899713356809547,-0.6911357641220093,23.35562684200704
iu7ebu91,ppo_chri binary_bernulli seg1 tot_queries=10000 fragmenter_type=random seed=0,finished,0.0003,300,100,1.0,random,binary_bernulli,"[32, 32]",10000,0.9166666666666669,0.0,0.08333333333333333,323.50000000000006,10.955742256142214,6.284443259239195,15.424356903213134,0.7955922519327784,0.5571451850563829,0.30474453118860356,-0.25989217065166437,0.5098039507865906,0.5483668446540833,0.03856289386749267,0.6927258968353271,9.452083562428566,-1.8569782972335815,21.325845930725336
mwv1s54s,ppo_chri soft seg2 tot_queries=10000 fragmenter_type=active seed=0,finished,0.0003,300,100,2.0,active,soft,"[128, 128]",10000,0.8571428571428574,0.0,0.14285714285714285,141.8214285714286,22.35951994985662,-0.181398831307888,42.962517312866225,0.8154548119211001,0.6727324073816304,0.7128348074175768,0.6160571964369433,0.9588235020637512,0.9646984934806824,0.005874991416931152,0.6895226836204529,44.100091700868056,0.21539372205734253,24.322832190431654
32s413xj,ppo_chri binary_bernulli seg2 tot_queries=100000 fragmenter_type=active seed=0,finished,0.0003,300,100,2.0,active,binary_bernulli,"[128, 128]",100000,0.5416666666666665,0.0,0.4583333333333333,148.04166666666669,18.482448128975495,0.35562455405791604,11.16834807457442,0.8114496043514384,0.6603491345373088,0.6679008311742665,0.735278949835912,0.512499988079071,0.5141749978065491,0.0016750097274780271,0.6878104209899902,16.26225396755509,-0.2224009931087494,24.87788288714364
fa7xy059,ppo_chri binary_bernulli seg2 tot_queries=50000 fragmenter_type=active seed=0,finished,0.0003,300,100,2.0,active,binary_bernulli,"[128, 128]",50000,0.3529411764705882,0.2352941176470588,0.411764705882353,289.7058823529411,10.334811316360032,0.9682602601892812,-35.32780920462602,0.7566640865235675,0.5352372416344208,0.533891007794779,0.6619315518049695,0.5072000026702881,0.5141249895095825,0.006924986839294434,0.6903135180473328,-19.132541753561515,0.4095873236656189,25.27871333807707
qnq43nri,ppo_chri binary_bernulli seg2 tot_queries=10000 fragmenter_type=active seed=0,finished,0.0003,300,100,2.0,active,binary_bernulli,"[128, 128]",10000,0.16666666666666666,0.0,0.8333333333333334,128.1,18.12324638186485,4.35268812974294,-34.328993312983876,0.7532651093513547,0.6899020373825596,0.6824227625990543,0.522245663384904,0.5181372761726379,0.6350502371788025,0.11691296100616456,0.7201857566833496,-23.97657405253707,-3.4669649600982666,24.99160885391757
smgz2luh,ppo_chri soft seg2 tot_queries=10000 fragmenter_type=active seed=0,finished,0.0003,300,100,2.0,active,soft,"[32, 32]",10000,0.8461538461538463,0.0,0.15384615384615383,157.61538461538464,20.5128798650574,-0.26364055046668416,41.16155892528305,0.8158771297260644,0.6997269813075403,0.7085982439523287,0.5973745897796532,0.936274528503418,0.930904507637024,-0.005370020866394043,0.6885921955108643,41.028307798599094,0.28073856234550476,22.591054833959788
6gtx0g7c,ppo_chri binary_bernulli seg2 tot_queries=100000 fragmenter_type=active seed=0,finished,0.0003,300,100,2.0,active,binary_bernulli,"[32, 32]",100000,0.8125,0.0,0.1875,248.68749999999997,13.395906924049946,0.9475449770689008,18.885951908142484,0.807267295766792,0.6801371481270468,0.6425354575657632,0.505672761368964,0.5180000066757202,0.5149375200271606,-0.0030624866485595703,0.6890805959701538,3.3638374917043508,0.12707804143428802,28.05745773995295
f5hq5c20,ppo_chri binary_bernulli seg2 tot_queries=50000 fragmenter_type=active seed=0,finished,0.0003,300,100,2.0,active,binary_bernulli,"[32, 32]",50000,0.647058823529412,0.0,0.35294117647058826,215.2941176470588,15.891556241642844,0.4654512931318844,-0.26153651412635615,0.8084797565616895,0.6365014252915272,0.5074874961133468,0.7049929676511955,0.5145999789237976,0.520550012588501,0.005950033664703369,0.6892678737640381,7.592334361572697,-0.7446997761726379,23.93942947173491
4a9ksrhg,ppo_chri binary_bernulli seg2 tot_queries=10000 fragmenter_type=active seed=0,finished,0.0003,300,100,2.0,active,binary_bernulli,"[32, 32]",10000,0.3846153846153847,0.0,0.6153846153846153,94.05128205128206,23.040418255165076,1.0623003840446472,-0.6284479772247403,0.798589346032525,0.703996868306722,0.5303265337177856,0.5060009376465073,0.5102941393852234,0.5679648518562317,0.0576707124710083,0.6935819983482361,-9.819519025473516,-0.2894958257675171,20.8790453649126
ijeycoa8,ppo_chri soft seg2 tot_queries=10000 fragmenter_type=random seed=0,finished,0.0003,300,100,2.0,random,soft,"[128, 128]",10000,0.923076923076923,0.0,0.07692307692307693,152.19230769230765,22.85948144566493,0.0945610644725652,51.31828693100024,0.8142695974362003,0.7137137138266604,0.7115446358240521,0.5706047819971871,0.9357843399047852,0.9305276274681092,-0.005256712436676025,0.6899310350418091,47.083103475155816,-0.26994073390960693,24.4391031418927
wjf4tw48,ppo_chri binary_bernulli seg2 tot_queries=100000 fragmenter_type=random seed=0,finished,0.0003,300,100,2.0,random,binary_bernulli,"[128, 128]",100000,0.0,0.7499999999999999,0.125,499.125,3.8179242146742145,0.15663670748472214,-106.22820701466534,0.5875258056353584,0.3809628012378246,0.2262600927155462,0.09151429910923584,0.5052499771118164,0.5081999897956848,0.002950012683868408,0.6900123953819275,-105.0696880987966,0.5945550799369812,27.80552612012252
a3abm4pf,ppo_chri binary_bernulli seg2 tot_queries=50000 fragmenter_type=random seed=0,finished,0.0003,300,100,2.0,random,binary_bernulli,"[128, 128]",50000,0.6521739130434782,0.0,0.34782608695652173,177.8695652173914,15.60102763505398,0.2255027942035509,14.995571151600036,0.8065861380168494,0.6105157698126813,0.7166813190057126,0.735278949835912,0.4977000057697296,0.5154500007629395,0.01774999499320984,0.6912029981613159,8.566787527292808,0.010531670413911344,27.422978492919356
9t5q300k,ppo_chri binary_bernulli seg2 tot_queries=10000 fragmenter_type=random seed=0,finished,0.0003,300,100,2.0,random,binary_bernulli,"[128, 128]",10000,0.0,0.0,1.0,232.0555555555556,3.404997360659452,-15.76498606469896,-92.09199511320972,0.1961189393634294,-0.043317433087338875,-0.12958123437473823,0.3413267698077825,0.4950980246067047,0.6076633334159851,0.1125653088092804,0.7117875218391418,-82.8469031087976,-3.674822807312012,22.399139940273017
hpe3usk8,ppo_chri soft seg2 tot_queries=10000 fragmenter_type=random seed=0,finished,0.0003,300,100,2.0,random,soft,"[32, 32]",10000,0.8928571428571428,0.0,0.10714285714285714,143.82142857142856,25.241512051837095,0.2901741393974849,46.29128542536997,0.8160406075860506,0.7255384782449289,0.7202097882940496,0.6492030004688233,0.9102941155433656,0.91482412815094,0.004530012607574463,0.6900522112846375,38.596622350041166,-0.21518805623054504,20.795160186942667
9plx95ft,ppo_chri binary_bernulli seg2 tot_queries=100000 fragmenter_type=random seed=0,finished,0.0003,300,100,2.0,random,binary_bernulli,"[32, 32]",100000,0.0,0.6363636363636365,0.2727272727272727,429.0,5.279310047837807,0.30831410126252606,-99.37045598490968,0.5799513314559983,0.24055498402141215,0.0902640051618418,0.16540084388185655,0.5123500227928162,0.5103999972343445,-0.0019500255584716797,0.6907286643981934,-97.14066701049045,0.8574082255363464,24.45715472334996
ukvt7vmk,ppo_chri binary_bernulli seg2 tot_queries=50000 fragmenter_type=random seed=0,finished,0.0003,300,100,2.0,random,binary_bernulli,"[32, 32]",50000,0.2,0.7000000000000001,0.1,456.50000000000006,7.866981172561829,1.9386741399765015,-48.69099483580243,0.5863133448404608,0.31504079056269374,0.06567273450945332,-0.3140881387716831,0.5051000118255615,0.5109750032424927,0.005874991416931152,0.690483570098877,-60.08080362122105,0.18980346620082855,24.964232546277344
t7vi60ym,ppo_chri binary_bernulli seg2 tot_queries=10000 fragmenter_type=random seed=0,finished,0.0003,300,100,2.0,random,binary_bernulli,"[32, 32]",10000,0.7058823529411765,0.0,0.29411764705882354,241.17647058823533,13.825126016139675,0.920503363889806,11.7342735342509,0.7846188005812055,0.6195119592990023,0.6308399020505108,0.7924988279418659,0.5156862735748291,0.5458542704582214,0.030167996883392337,0.6889150738716125,0.9796784696661742,-0.6397851705551147,22.127802924253047
wycnawvl,ppo_chri soft seg25 tot_queries=10000 fragmenter_type=active seed=0,finished,0.0003,300,100,25.0,active,soft,"[128, 128]",10000,0.8148148148148149,0.0,0.18518518518518515,148.9259259259259,22.74302613473926,0.17599447126741766,40.58476591073448,0.8567329715676125,0.682689471579441,0.7285989040510138,0.8463666197843414,0.8450980186462402,0.8547738790512085,0.009675860404968262,0.6911647915840149,37.96264486559593,-0.1508205085992813,34.46964727714658
tvw8ckzz,ppo_chri binary_bernulli seg25 tot_queries=100000 fragmenter_type=active seed=0,finished,0.0003,300,100,25.0,active,binary_bernulli,"[128, 128]",100000,0.6086956521739131,0.0,0.3913043478260869,170.43478260869554,14.380935700419991,-0.4308628083571144,6.611376850172211,0.6467047909503582,0.7112875051801492,0.6939262925748056,0.8579465541490858,0.502833902835846,0.5063327550888062,0.003498852252960205,0.6932724714279175,14.073833595692038,0.7364381551742554,35.94319130294025
idcno25l,ppo_chri binary_bernulli seg25 tot_queries=50000 fragmenter_type=active seed=0,finished,0.0003,300,100,25.0,active,binary_bernulli,"[128, 128]",50000,0.0,0.4615384615384616,0.3076923076923077,281.6153846153846,7.3714656755777055,-0.009176848026422366,-80.6518569219496,0.5782620602361411,0.3218930283490037,0.09507064444748436,0.2916783872480075,0.5045999884605408,0.5127500295639038,0.008150041103363037,0.6930738091468811,-74.77486403889634,0.276743620634079,36.37621557014063
m88q47ok,ppo_chri binary_bernulli seg25 tot_queries=10000 fragmenter_type=active seed=0,finished,0.0003,300,100,25.0,active,binary_bernulli,"[128, 128]",10000,0.7058823529411765,0.058823529411764705,0.2352941176470588,246.6470588235294,13.09139309617061,6.337809380363015,4.624494616417412,0.3958139569140566,0.385749158394432,0.4216160751675978,-0.04109235818096578,0.5142157077789307,0.5707286596298218,0.05651295185089111,0.6998682022094727,-18.28262796687095,-1.6623210906982422,34.419341577682644
5t3ke71e,ppo_chri soft seg25 tot_queries=10000 fragmenter_type=active seed=0,finished,0.0003,300,100,25.0,active,soft,"[32, 32]",10000,0.7333333333333333,0.0,0.26666666666666666,246.53333333333333,13.75118255277907,0.0977215727170308,14.561870808265382,0.8578092008125215,0.6748763590816416,0.7088742806653618,0.8135255508673231,0.8475490212440491,0.8483668565750122,0.0008178353309631348,0.6909368634223938,9.71885776452782,0.11711212247610092,31.770910367835313
hgc5qinv,ppo_chri binary_bernulli seg25 tot_queries=100000 fragmenter_type=active seed=0,finished,0.0003,300,100,25.0,active,binary_bernulli,"[32, 32]",100000,0.0,0.23809523809523808,0.7619047619047621,183.0,5.398626385631086,-0.1094823280970256,-71.89539032179471,0.7701169520849308,0.8041800679134027,0.7088442766748148,0.9255743084857008,0.5012287497520447,0.5067457556724548,0.005517005920410156,0.6930437684059143,-75.9080339793408,0.41230541467666626,33.67239978769794
lzez47p6,ppo_chri binary_bernulli seg25 tot_queries=50000 fragmenter_type=active seed=0,finished,0.0003,300,100,25.0,active,binary_bernulli,"[32, 32]",50000,0.0,0.8888888888888888,0.1111111111111111,534.6666666666666,2.9573751059661784,0.5824488533867729,-108.21953511941504,0.736099934052805,0.33036073674400546,-0.2771228574909598,-0.4270276605719644,0.5042999982833862,0.5122249722480774,0.007924973964691162,0.6931276321411133,-104.59960478995872,0.3500032126903534,31.44642921211198
j06ojoe1,ppo_chri binary_bernulli seg25 tot_queries=10000 fragmenter_type=active seed=0,finished,0.0003,300,100,25.0,active,binary_bernulli,"[32, 32]",10000,0.0,0.0,0.23684210526315796,56.210526315789416,5.003765263229033,0.5966158066140981,-59.28015294071694,0.08031531029571395,0.03666938117722046,0.22138744465070004,0.11448663853727144,0.5078431367874146,0.5448492169380188,0.03700608015060425,0.6939361691474915,-55.17796847999999,0.7962799072265625,31.09495690278709
udvcsr7a,ppo_chri soft seg25 tot_queries=10000 fragmenter_type=random seed=0,finished,0.0003,300,100,25.0,random,soft,"[128, 128]",10000,0.647058823529412,0.0,0.058823529411764705,202.47058823529412,15.50316282767359,0.16222491685081927,9.485743568695632,0.8562152916776561,0.7596255086350211,0.7210078944426018,0.4834739803094233,0.8666666746139526,0.8585427403450012,-0.008123934268951416,0.6873331069946289,7.086066578061398,-0.02733619511127472,34.34495529811829
vkn19h0y,ppo_chri binary_bernulli seg25 tot_queries=100000 fragmenter_type=random seed=0,finished,0.0003,300,100,25.0,random,binary_bernulli,"[128, 128]",100000,0.0,0.875,0.125,525.625,3.669832555056289,0.39775753021240234,-100.87461349042644,0.6986907504259657,0.4387353932661346,0.2257560256743552,-0.1681669010782935,0.5138499736785889,0.5128124952316284,-0.0010374784469604492,0.690157413482666,-83.38806011966798,-2.2645297050476074,37.31446450110525
ljeaakse,ppo_chri binary_bernulli seg25 tot_queries=50000 fragmenter_type=random seed=0,finished,0.0003,300,100,25.0,random,binary_bernulli,"[128, 128]",50000,0.5833333333333331,0.16666666666666666,0.25,358.2500000000001,11.975004701728515,-1.8683835019667945,-21.32647277942348,0.6750954459679595,0.48396857030950574,0.16032932388738794,0.03525550867323019,0.5123999714851379,0.515999972820282,0.003600001335144043,0.68722003698349,-14.638787727024829,-0.4891264736652374,36.221121604088694
p9la3fsa,ppo_chri binary_bernulli seg25 tot_queries=10000 fragmenter_type=random seed=0,finished,0.0003,300,100,25.0,random,binary_bernulli,"[128, 128]",10000,0.0,0.6363636363636364,0.3636363636363637,386.5454545454546,8.638177265318133,4.138176701285622,-89.06307252699986,0.5766136584812804,0.1020929380957661,-0.16679218345122945,-0.2795124238162213,0.4975490272045135,0.5934673547744751,0.09591832756996156,0.7073626518249512,-73.90976250676412,-1.1417406797409058,35.425139968283474
bujajtda,ppo_chri soft seg25 tot_queries=10000 fragmenter_type=random seed=0,finished,0.0003,300,100,25.0,random,soft,"[32, 32]",10000,0.7142857142857144,0.0,0.2857142857142857,207.3809523809524,15.089051489793812,0.01834309668768018,15.773920440711075,0.8575231145575457,0.7444556991273795,0.7113127388526183,0.5904594467885608,0.8666666746139526,0.8699748516082764,0.0033081769943237305,0.6863375902175903,6.174783477379748,-0.03289039060473442,27.830806077923626
m29f8aur,ppo_chri binary_bernulli seg25 tot_queries=100000 fragmenter_type=random seed=0,finished,0.0003,300,100,25.0,random,binary_bernulli,"[32, 32]",100000,0.875,0.0,0.125,256.37499999999994,13.936410277541288,1.1274750754237173,23.15654408987249,0.8144603216061841,0.6541334762473605,0.6721974026206088,0.8940459446788561,0.5048999786376953,0.5172125101089478,0.01231253147125244,0.6865116953849792,26.052479772274644,-0.06947731971740723,33.10191084211692
a68fht5n,ppo_chri binary_bernulli seg25 tot_queries=50000 fragmenter_type=random seed=0,finished,0.0003,300,100,25.0,random,binary_bernulli,"[32, 32]",50000,0.5882352941176471,0.0,0.4117647058823529,124.94117647058826,18.27444229340589,0.10855397757361918,15.108168131279504,0.7972678999976368,0.37870474566582407,-0.31887641073627915,-0.32184716361931553,0.5078999996185303,0.5256749987602234,0.017774999141693115,0.6827294826507568,9.544933496223797,0.22871389985084536,31.851665656082332
vs2tnp0h,ppo_chri binary_bernulli seg25 tot_queries=10000 fragmenter_type=random seed=0,finished,0.0003,300,100,25.0,random,binary_bernulli,"[32, 32]",10000,0.06896551724137931,0.0,0.7586206896551724,134.48275862068968,19.02558128839384,2.282072546153233,-21.419997549439383,0.38336920482260817,0.3369066957160281,0.4314813872594784,0.5632442569151431,0.5259804129600525,0.5479899644851685,0.022009551525115967,0.6845586895942688,-21.541342706090884,0.17042531073093414,31.78403864009306
3e1g9bam,ppo_chri soft segNone tot_queries=10000 fragmenter_type=active seed=0,finished,0.0003,300,100,,active,soft,"[128, 128]",10000,0.7272727272727274,0.0,0.2727272727272727,171.40909090909082,16.046971847522745,-0.4672292904420333,20.327341642984,0.8442405384336679,0.7366305756956864,0.7157631968949719,0.609212376933896,0.8694539070129395,0.8831806778907776,0.013726770877838137,0.6823739409446716,33.98785435438919,-0.07966747879981995,86.4511243859306
8dpil7es,ppo_chri binary_bernulli segNone tot_queries=100000 fragmenter_type=active seed=0,finished,0.0003,300,100,,active,binary_bernulli,"[128, 128]",100000,0.8333333333333334,0.0,0.16666666666666666,240.1111111111111,13.868246880884096,2.684172458118862,25.25476812347737,0.7234848925238709,0.4032971328130101,0.5925188053237774,0.5467651195499297,0.5369928479194641,0.6039542555809021,0.06696140766143799,0.6888636946678162,2.198905036059238,-1.3873924016952517,68.33153145899996
muhpuwal,ppo_chri binary_bernulli segNone tot_queries=50000 fragmenter_type=active seed=0,finished,0.0003,300,100,,active,binary_bernulli,"[128, 128]",50000,0.8333333333333334,0.0,0.16666666666666666,301.5,13.147694681562008,13.197044014930722,13.785019775435533,0.5678539698170205,0.1944209869360195,-0.0317922283836882,0.10065635255508674,0.5219941139221191,0.6056632399559021,0.08366912603378296,0.7169307470321655,11.596816072691157,-14.432608604431152,78.39495561085641
szo5bjyb,ppo_chri binary_bernulli segNone tot_queries=10000 fragmenter_type=active seed=0,finished,0.0003,300,100,,active,binary_bernulli,"[128, 128]",10000,0.0,0.0,1.0,70.96363636363638,10.331478556202525,2.604943242940035,-57.174047950097744,0.5434072181715861,0.4590398770132984,0.3356066358653321,0.01896390060947023,0.4995098114013672,0.593216061592102,0.09370625019073486,0.7214416861534119,-58.206474166035854,0.31546810269355774,47.93324709730223
5ffck7t3,ppo_chri soft segNone tot_queries=10000 fragmenter_type=active seed=0,finished,0.0003,300,100,,active,soft,"[32, 32]",10000,0.8,0.0,0.16,178.91999999999996,18.74424254087971,-0.25463413953781144,30.046958312065787,0.8565558705526274,0.7390087406066231,0.7507898554596356,0.7541959681200188,0.9115755558013916,0.9167014360427856,0.005125880241394043,0.683927059173584,36.49079740714034,-0.11469385772943495,70.30260659195483
dk2dmzbe,ppo_chri binary_bernulli segNone tot_queries=100000 fragmenter_type=active seed=0,finished,0.0003,300,100,,active,binary_bernulli,"[32, 32]",100000,0.0,0.3636363636363637,0.18181818181818185,374.9999999999999,5.39974131794228,5.764979405836625,-101.55398053319476,0.38125761579778655,0.29957671317465856,0.3396871785797354,0.32784810126582276,0.5384615659713745,0.5758635997772217,0.03740203380584717,0.6959327459335327,-108.0793944243166,-4.0804572105407715,69.1197960972786
16iu20e2,ppo_chri binary_bernulli segNone tot_queries=50000 fragmenter_type=active seed=0,finished,0.0003,300,100,,active,binary_bernulli,"[32, 32]",50000,0.0,1.0,0.0,600.0,0.5984823147037768,-11.889801025390629,-112.63018186984968,0.2445560669618368,0.1839174252460492,0.32474519128728846,0.26540084388185653,0.5143171548843384,0.580654501914978,0.06633734703063965,0.7030484080314636,-98.98277981232069,17.91931915283203,85.23062270274386
numgbvlc,ppo_chri binary_bernulli segNone tot_queries=10000 fragmenter_type=active seed=0,finished,0.0003,300,100,,active,binary_bernulli,"[32, 32]",10000,0.0,0.0,0.5906040268456375,25.731543624161077,19.777652914549808,-0.1619416767318778,-45.56770111225039,0.41257724914014027,0.5157074631233954,0.5817653751117031,0.7882794186591655,0.4970588088035583,0.5453517436981201,0.04829293489456177,0.6963641047477722,-45.12457140523782,0.1366194635629654,40.94295782689005
wledn77l,ppo_chri soft segNone tot_queries=10000 fragmenter_type=random seed=0,finished,0.0003,300,100,,random,soft,"[128, 128]",10000,0.8235294117647058,0.0,0.17647058823529416,244.2941176470588,14.67242526728802,-0.767971792641808,21.912361399351756,0.8556431191677044,0.7432786276058049,0.7031195152784315,0.5860993905297703,0.8965686559677124,0.9071608185768129,0.010592162609100342,0.6650374531745911,33.34343668230437,0.15395645797252655,93.74604982184246
i3xpkner,ppo_chri binary_bernulli segNone tot_queries=100000 fragmenter_type=random seed=0,finished,0.0003,300,100,,random,binary_bernulli,"[128, 128]",100000,0.8571428571428572,0.0,0.14285714285714285,304.7857142857143,10.213049557930423,2.1027938297816684,13.620155462063842,0.7476523694918289,0.5516982265356264,0.4189397192107981,0.13940459446788564,0.5379499793052673,0.5447499752044678,0.0067999958992004395,0.671547532081604,10.97747023425688,1.119227170944214,95.96368717029692
7kp8ysoh,ppo_chri binary_bernulli segNone tot_queries=50000 fragmenter_type=random seed=0,finished,0.0003,300,100,,random,binary_bernulli,"[128, 128]",50000,0.0,0.7,0.30000000000000004,480.0,6.656263101284636,-0.798398208618164,-80.02870233463945,0.7858108266436048,0.5598596561163408,0.213346375184082,-0.2020628223159869,0.5418999791145325,0.5446500182151794,0.0027500391006469727,0.6760461926460266,-80.38834727707882,0.5096453428268433,113.03807741496712
e6lfptpm,ppo_chri binary_bernulli segNone tot_queries=10000 fragmenter_type=random seed=0,finished,0.0003,300,100,,random,binary_bernulli,"[128, 128]",10000,0.0,0.0,0.8969072164948452,39.59793814432989,22.872857917039,-0.5939907351719966,-41.43287828737227,0.2925844999102788,0.07063630222837652,-0.12992928066508436,-0.2412330051570558,0.5602940917015076,0.6038944721221924,0.043600380420684814,0.6796014904975891,-40.862319310321546,0.4208332598209381,55.11627569422126
m9codq6u,ppo_chri soft segNone tot_queries=10000 fragmenter_type=random seed=0,finished,0.0003,300,100,,random,soft,"[32, 32]",10000,0.6875,0.0,0.3125,238.875,13.93418174404092,-0.5759218335151672,11.440387159724295,0.8538857321728529,0.7593192298207336,0.730405144281948,0.7530004688232537,0.9240196347236632,0.9193467497825624,-0.004672884941101074,0.6613788604736328,24.62795609464704,0.519598126411438,60.67771066585556
0fmoylx9,ppo_chri binary_bernulli segNone tot_queries=100000 fragmenter_type=random seed=0,finished,0.0003,300,100,,random,binary_bernulli,"[32, 32]",100000,0.696969696969697,0.0,0.30303030303030304,115.7575757575758,23.637127955656773,-0.41315670266295934,31.211441863642285,0.8267484074151458,0.6703602479376406,0.6218447056844956,0.890014064697609,0.5479000210762024,0.5476874709129333,-0.00021255016326904297,0.6723512411117554,36.39788350071531,0.4507814645767212,42.722546422854066
tju3uabs,ppo_chri binary_bernulli segNone tot_queries=50000 fragmenter_type=random seed=0,finished,0.0003,300,100,,random,binary_bernulli,"[32, 32]",50000,0.7647058823529412,0.0,0.17647058823529413,221.05882352941177,10.731575590726631,-1.8661602525150085,14.52875702980752,0.6524401392048736,0.5349910174896015,0.6639823100088176,0.7664791373652133,0.5651000142097473,0.5753750205039978,0.010275006294250488,0.6401773691177368,6.731815304790721,0.7668302059173584,67.87064165202901
9d2yujul,ppo_chri binary_bernulli segNone tot_queries=10000 fragmenter_type=random seed=0,finished,0.0003,300,100,,random,binary_bernulli,"[32, 32]",10000,0.7333333333333333,0.0,0.26666666666666666,251.13333333333333,13.966324872407489,1.3490159988403323,11.847194193502686,0.6133416843581772,0.529862348717026,0.5814293304175759,0.7570323488045007,0.5509803891181946,0.5819095373153687,0.030929148197174072,0.6728345155715942,-2.56467745803894,-0.4643989503383637,75.94388700183481
tojr4mxu,ppo_chri soft seg1 tot_queries=10000 fragmenter_type=active seed=0,finished,0.0003,300,500,1.0,active,soft,"[128, 128]",10000,0.9166666666666664,0.0,0.08333333333333333,163.91666666666663,20.755967970499327,0.20891234651207927,46.94828545645171,0.8158090139510702,0.7166623980975438,0.715649181730893,0.610267229254571,0.9622548818588256,0.9636934399604796,0.0014385581016540527,0.6850541830062866,42.631609560717514,0.24384991824626925,96.6664692927152
xd1pqfum,ppo_chri binary_bernulli seg1 tot_queries=100000 fragmenter_type=active seed=0,finished,0.0003,300,500,1.0,active,binary_bernulli,"[128, 128]",100000,0.7222222222222224,0.0,0.2777777777777778,244.05555555555557,10.881696198417329,2.411485413710276,7.430195432443623,0.8044745489920277,0.5722609453615031,0.45630068824002473,-0.07512892639474919,0.5102499723434448,0.5200250148773193,0.009775042533874512,0.6851553916931152,4.970537120316121,-0.953751802444458,98.67857051966712
vi8xz57x,ppo_chri binary_bernulli seg1 tot_queries=50000 fragmenter_type=active seed=0,finished,0.0003,300,500,1.0,active,binary_bernulli,"[128, 128]",50000,0.4210526315789474,0.0,0.5789473684210527,218.42105263157893,11.809615017350074,0.6379180832913045,-15.453225975366983,0.7931400840329855,0.6193738335592257,0.5144604235164886,0.6671354899203,0.522599995136261,0.5593000054359436,0.03670001029968262,0.6847190260887146,-21.496208427755658,-0.9838255643844604,102.18013041373342
kgsrb4ge,ppo_chri binary_bernulli seg1 tot_queries=10000 fragmenter_type=active seed=0,finished,0.0003,300,500,1.0,active,binary_bernulli,"[128, 128]",10000,0.4666666666666668,0.0,0.5333333333333333,231.46666666666667,11.645475162672676,-27.694988505045576,-14.634855359651132,0.37437792252336777,0.013974721585226337,-0.039593265925929544,-0.2813408345053915,0.5004901885986328,0.8609296679496765,0.3604394793510437,1.0146842002868652,-15.541044343851707,7.011850357055664,95.92401262093335
ab3o5rms,ppo_chri soft seg1 tot_queries=10000 fragmenter_type=active seed=0,finished,0.0003,300,500,1.0,active,soft,"[32, 32]",10000,0.8799999999999998,0.0,0.12,170.00000000000003,21.85028398658297,-0.5960366427898406,42.017366249642315,0.8154548119211001,0.7142722222527136,0.7150491019199514,0.6006094702297233,0.9666666388511658,0.9631909728050232,-0.003475666046142578,0.6826047897338867,51.22530311816877,0.27982062101364136,85.93459400581196
hfz3k7wg,ppo_chri binary_bernulli seg1 tot_queries=100000 fragmenter_type=active seed=0,finished,0.0003,300,500,1.0,active,binary_bernulli,"[32, 32]",100000,0.45,0.05,0.5000000000000001,195.2,14.580790654184634,-1.6696895718574527,-8.778665926859553,0.7911647265581525,0.5703391959385239,0.42774289003731186,0.02698077824660103,0.5133000016212463,0.5227624773979187,0.009462475776672363,0.6824622750282288,2.804392376411488,0.3023880124092102,104.97099325386807
v8vi163n,ppo_chri binary_bernulli seg1 tot_queries=50000 fragmenter_type=active seed=0,finished,0.0003,300,500,1.0,active,binary_bernulli,"[32, 32]",50000,0.3888888888888889,0.16666666666666666,0.4444444444444444,216.33333333333337,16.711460334037355,-1.3945171866152022,-12.49931429052069,0.7876567641459489,0.53128564438342,0.3767361061072724,-0.08234880450070324,0.517799973487854,0.5404750108718872,0.022675037384033203,0.6829224824905396,-12.17604257491432,0.40965262055397034,99.85221633594485
ocrp1io0,ppo_chri binary_bernulli seg1 tot_queries=10000 fragmenter_type=active seed=0,running,0.0003,300,500,1.0,active,binary_bernulli,"[32, 32]",10000,0.1836734693877551,0.0,0.8163265306122446,81.61224489795917,18.142299883447446,-1.8676805374573688,-25.00007628928186,0.6455331996204572,-0.04666848364365873,-0.26854171619449424,-0.2012189404594468,0.543367326259613,0.6503661274909973,0.10699880123138428,0.6986956000328064,-20.950322736149623,-0.39090871810913086,88.5428338018246
tyxdx3v6,ppo_chri soft seg1 tot_queries=10000 fragmenter_type=random seed=0,running,0.0003,300,500,1.0,random,soft,"[128, 128]",10000,0.8695652173913043,0.0,0.13043478260869562,192.7826086956522,16.620033687559417,-0.1415606348410897,34.88619916503209,0.8156727824010817,0.7312496773113448,0.727206718889629,0.5366385372714487,0.953278660774231,0.9573708772659302,0.004092216491699219,0.6850037574768066,38.91397557784502,0.008640127256512642,95.70178850088269
dyteb1x6,ppo_chri binary_bernulli seg1 tot_queries=100000 fragmenter_type=random seed=0,running,0.0003,300,500,1.0,random,binary_bernulli,"[128, 128]",100000,0.18181818181818185,0.4545454545454546,0.3636363636363637,407.8181818181818,5.542464805682954,0.8636557243087073,-57.92846440497675,0.8028942630121614,0.6215237907261837,0.7065159670083612,0.5293717768401313,0.5100787878036499,0.5263844132423401,0.016305625438690186,0.6856802105903625,-41.51289939972752,0.8852576613426208,98.50423145806415
pmthx7s2,ppo_chri binary_bernulli seg1 tot_queries=50000 fragmenter_type=random seed=0,running,0.0003,300,500,1.0,random,binary_bernulli,"[128, 128]",50000,0.42857142857142866,0.0,0.5714285714285714,172.0,16.493210049178018,0.551460759980338,-11.573501090764651,0.8036639712695963,0.682154985021175,0.49329560858457694,0.4520393811533052,0.5055407881736755,0.5637744069099426,0.05823361873626709,0.6889317035675049,-3.5668779795813093,0.9326841235160828,94.05756815802306
eyvqjad8,ppo_chri binary_bernulli seg1 tot_queries=10000 fragmenter_type=random seed=0,running,0.0003,300,500,1.0,random,binary_bernulli,"[128, 128]",10000,0.2608695652173913,0.043478260869565216,0.6956521739130438,191.95652173913044,15.141077081038429,-21.032972294351328,-36.63014063529612,0.5764842385087914,0.1172747585373012,-0.11901382890405587,-0.6548523206751056,0.5177778005599976,0.913773477077484,0.3959956765174866,1.124847650527954,-36.891692615458254,11.255571365356444,92.45745929609984
a424z3c4,ppo_chri soft seg1 tot_queries=10000 fragmenter_type=random seed=0,running,0.0003,300,500,1.0,random,soft,"[32, 32]",10000,0.5454545454545454,0.0,0.4090909090909091,198.5,11.683618550593012,-0.7341424118388783,-3.766549563331557,0.8157953907960712,0.7265173693572587,0.7190876390475885,0.6156118143459915,0.949999988079071,0.9556000232696532,0.005600035190582275,0.6769978404045105,12.6464532632997,0.2601156234741211,86.65725111309439
8rylt5ft,ppo_chri binary_bernulli seg1 tot_queries=100000 fragmenter_type=random seed=0,running,0.0003,300,500,1.0,random,binary_bernulli,"[32, 32]",100000,0.3214285714285714,0.0,0.607142857142857,143.17857142857142,12.602144588312544,1.0646334673677171,-21.782975751486113,0.794911094182836,0.6214277032550347,0.6613119548501274,0.6424753867791844,0.5327034592628479,0.5482376217842102,0.015534162521362305,0.6647788286209106,-22.478826128803764,0.8210797309875488,89.14431955339387
g53yobw2,ppo_chri binary_bernulli seg1 tot_queries=50000 fragmenter_type=random seed=0,running,0.0003,300,500,1.0,random,binary_bernulli,"[32, 32]",50000,0.2916666666666667,0.0,0.7083333333333335,178.87499999999997,11.937334664287564,0.1994627490639686,-28.679532056809435,0.7982351440025551,0.6248928576833438,0.3413433988579343,0.056610407876230666,0.5347457528114319,0.5646186470985413,0.029872894287109375,0.66078120470047,-13.307290842966802,1.566352605819702,89.3372750878334
