method,budget,seed,mean_return,success_rate,collision_rate,off_road_rate,timeout_rate,other_rate,mean_speed,mean_ep_length,run_name
Demo-only,10,1,43.988694464491125,0.93,0.045,0.025,0.0,0.0,18.391743894013864,193.61,th_1mh4_demo_only_B10-seed1
Demo-only,10,2,42.843703247603116,0.935,0.055,0.01,0.0,0.0,17.329313857924834,198.56,th_1mh4_demo_only_B10-seed2
Demo-only,10,3,45.40967047275522,0.87,0.115,0.015,0.0,0.0,22.467389850007795,153.905,th_1mh4_demo_only_B10-seed3
Demo-only,10,4,41.13103079978568,0.815,0.135,0.05,0.0,0.0,22.961470638093953,143.725,th_1mh4_demo_only_B10-seed4
Demo-only,10,5,29.479672501204575,0.675,0.28,0.045,0.0,0.0,23.360182751708777,120.76,th_1mh4_demo_only_B10-seed5
Demo-only,10,6,23.12627206753872,0.6,0.395,0.005,0.0,0.0,23.18053446068497,125.235,th_1mh4_demo_only_B10-seed6
Demo-only,10,7,28.931019769421354,0.66,0.32,0.02,0.0,0.0,24.069660068448048,123.805,th_1mh4_demo_only_B10-seed7
Demo-only,10,8,43.909565840050526,0.91,0.075,0.015,0.0,0.0,19.26726824072234,178.24,th_1mh4_demo_only_B10-seed8
Demo-only,10,9,48.007704102413484,0.905,0.085,0.01,0.0,0.0,22.314082885460426,157.39,th_1mh4_demo_only_B10-seed9
Demo-only,10,10,36.0487418251298,0.75,0.125,0.125,0.0,0.0,22.330336221766753,146.6,th_1mh4_demo_only_B10-seed10
Demo-only,100,1,44.7505074126786,0.875,0.115,0.01,0.0,0.0,21.54526883141053,158.27,th_1mh4_demo_only_B100-seed1
Demo-only,100,2,42.55431472988166,0.85,0.095,0.055,0.0,0.0,22.185469827790424,158.135,th_1mh4_demo_only_B100-seed2
Demo-only,100,3,37.21253359450415,0.76,0.215,0.025,0.0,0.0,22.69911033305855,141.85,th_1mh4_demo_only_B100-seed3
Demo-only,100,4,47.64802883743019,0.905,0.07,0.025,0.0,0.0,21.897225430929012,160.56,th_1mh4_demo_only_B100-seed4
Demo-only,100,5,46.52574579801402,0.89,0.11,0.0,0.0,0.0,21.855483272875734,153.745,th_1mh4_demo_only_B100-seed5
Demo-only,100,6,26.376781411156017,0.685,0.195,0.12,0.0,0.0,20.625600213277238,188.17,th_1mh4_demo_only_B100-seed6
Demo-only,100,7,47.33933312983245,0.925,0.07,0.005,0.0,0.0,20.37419185582705,171.175,th_1mh4_demo_only_B100-seed7
Demo-only,100,8,50.133304704071854,0.935,0.06,0.005,0.0,0.0,22.51508840099819,162.03,th_1mh4_demo_only_B100-seed8
Demo-only,100,9,47.38140241040494,0.905,0.09,0.005,0.0,0.0,21.305247596510227,166.31,th_1mh4_demo_only_B100-seed9
Demo-only,100,10,43.31257606454199,0.87,0.11,0.02,0.0,0.0,20.850570566566685,164.6,th_1mh4_demo_only_B100-seed10
Demo-only,1000,1,43.93191183609191,0.895,0.095,0.01,0.0,0.0,19.583422627859658,173.955,th_1mh4_demo_only_B1000-seed1
Demo-only,1000,2,47.42646302856805,0.92,0.07,0.01,0.0,0.0,20.859302962785677,173.15,th_1mh4_demo_only_B1000-seed2
Demo-only,1000,3,25.977628397394227,0.63,0.33,0.04,0.0,0.0,21.961127341799564,137.745,th_1mh4_demo_only_B1000-seed3
Demo-only,1000,4,45.12924795145675,0.855,0.14,0.005,0.0,0.0,22.86117350813013,147.365,th_1mh4_demo_only_B1000-seed4
Demo-only,1000,5,30.919163479355447,0.73,0.255,0.015,0.0,0.0,19.814091958833025,167.155,th_1mh4_demo_only_B1000-seed5
Demo-only,1000,6,42.07723963620355,0.825,0.165,0.01,0.0,0.0,22.197650317190675,150.69,th_1mh4_demo_only_B1000-seed6
Demo-only,1000,7,42.95204092928987,0.91,0.06,0.03,0.0,0.0,18.61507531557355,187.29,th_1mh4_demo_only_B1000-seed7
Demo-only,1000,8,40.00300396707935,0.83,0.075,0.095,0.0,0.0,20.825231233462937,165.215,th_1mh4_demo_only_B1000-seed8
Demo-only,1000,9,46.19939432036985,0.905,0.08,0.015,0.0,0.0,20.583080198558072,168.61,th_1mh4_demo_only_B1000-seed9
Demo-only,1000,10,47.121944219267974,0.895,0.095,0.01,0.0,0.0,21.656519703495995,157.17,th_1mh4_demo_only_B1000-seed10
Pref-soft,10,1,-96.59273082250294,0.02,0.225,0.0,0.755,0.0,2.982752394639037,457.345,th_1mh4_pref_soft_B10-seed1
Pref-soft,10,2,-47.957486964509606,0.0,0.47,0.53,0.0,0.0,15.14147406464751,5.57,th_1mh4_pref_soft_B10-seed2
Pref-soft,10,3,-48.139644116910155,0.0,0.95,0.05,0.0,0.0,19.930860953712532,9.28,th_1mh4_pref_soft_B10-seed3
Pref-soft,10,4,-47.42220804234333,0.0,0.26,0.74,0.0,0.0,13.14189715440506,12.39,th_1mh4_pref_soft_B10-seed4
Pref-soft,10,5,-82.44903441913335,0.0,0.24,0.265,0.495,0.0,6.160971818016789,298.35,th_1mh4_pref_soft_B10-seed5
Pref-soft,10,6,-40.12632838540476,0.05,0.485,0.465,0.0,0.0,13.18738615658765,48.54,th_1mh4_pref_soft_B10-seed6
Pref-soft,10,7,-48.091488767088464,0.0,0.975,0.025,0.0,0.0,20.19470579524874,10.715,th_1mh4_pref_soft_B10-seed7
Pref-soft,10,8,-73.98116404054282,0.06,0.135,0.335,0.47,0.0,2.917886593352076,330.33,th_1mh4_pref_soft_B10-seed8
Pref-soft,10,9,-44.43176741997666,0.005,0.44,0.555,0.0,0.0,16.305622722951547,11.86,th_1mh4_pref_soft_B10-seed9
Pref-soft,10,10,-48.24352562046957,0.0,0.085,0.915,0.0,0.0,12.292880138522278,17.365,th_1mh4_pref_soft_B10-seed10
Pref-soft,100,1,47.77539164385251,0.9,0.06,0.04,0.0,0.0,22.12616839390809,158.85,th_1mh4_pref_soft_B100-seed1
Pref-soft,100,2,34.37009168936282,0.785,0.17,0.045,0.0,0.0,19.981288783253156,141.625,th_1mh4_pref_soft_B100-seed2
Pref-soft,100,3,40.58430712143215,0.8,0.17,0.03,0.0,0.0,23.118610746897293,131.375,th_1mh4_pref_soft_B100-seed3
Pref-soft,100,4,-108.80128127151056,0.0,0.125,0.005,0.86,0.01,2.114538532303627,533.615,th_1mh4_pref_soft_B100-seed4
Pref-soft,100,5,27.470394083038038,0.89,0.11,0.0,0.0,0.0,13.727592230945993,249.26,th_1mh4_pref_soft_B100-seed5
Pref-soft,100,6,27.70883156689484,0.885,0.115,0.0,0.0,0.0,14.948577247715026,242.18,th_1mh4_pref_soft_B100-seed6
Pref-soft,100,7,40.602201250831996,0.895,0.095,0.01,0.0,0.0,18.267405504746026,182.615,th_1mh4_pref_soft_B100-seed7
Pref-soft,100,8,44.236983014643954,0.86,0.14,0.0,0.0,0.0,22.103357052985057,140.775,th_1mh4_pref_soft_B100-seed8
Pref-soft,100,9,41.35067631274693,0.885,0.095,0.0,0.02,0.0,19.36252374919119,183.355,th_1mh4_pref_soft_B100-seed9
Pref-soft,100,10,-79.8610987656019,0.0,0.025,0.075,0.9,0.0,3.7286287968568024,547.275,th_1mh4_pref_soft_B100-seed10
Pref-soft,1000,1,43.97422753653015,0.835,0.16,0.005,0.0,0.0,23.809612767590217,140.62,th_1mh4_pref_soft_B1000-seed1
Pref-soft,1000,2,47.91793981962041,0.89,0.095,0.015,0.0,0.0,23.189509555511812,145.0,th_1mh4_pref_soft_B1000-seed2
Pref-soft,1000,3,41.8556102427356,0.83,0.15,0.02,0.0,0.0,22.423304169029233,143.075,th_1mh4_pref_soft_B1000-seed3
Pref-soft,1000,4,42.44132834999169,0.84,0.14,0.02,0.0,0.0,22.465307020959017,140.255,th_1mh4_pref_soft_B1000-seed4
Pref-soft,1000,5,48.40424378796301,0.915,0.08,0.005,0.0,0.0,22.150865759499084,159.26,th_1mh4_pref_soft_B1000-seed5
Pref-soft,1000,6,41.727851856706785,0.815,0.14,0.045,0.0,0.0,23.954743662303844,135.365,th_1mh4_pref_soft_B1000-seed6
Pref-soft,1000,7,45.34034001708764,0.87,0.11,0.02,0.0,0.0,22.461286512271236,151.475,th_1mh4_pref_soft_B1000-seed7
Pref-soft,1000,8,47.373511471057974,0.885,0.085,0.03,0.0,0.0,23.63392745383193,142.84,th_1mh4_pref_soft_B1000-seed8
Pref-soft,1000,9,44.392726552504655,0.845,0.135,0.02,0.0,0.0,23.629862000296857,143.35,th_1mh4_pref_soft_B1000-seed9
Pref-soft,1000,10,47.382856959082744,0.88,0.115,0.005,0.0,0.0,23.60675118588514,146.955,th_1mh4_pref_soft_B1000-seed10
Pref-Bernoulli,10,1,-27.50462484351494,0.33,0.205,0.465,0.0,0.0,10.063320064306252,153.705,th_1mh4_pref_bern_B10-seed1
Pref-Bernoulli,10,2,-49.33737592097159,0.0,0.19,0.81,0.0,0.0,12.012361284119548,4.245,th_1mh4_pref_bern_B10-seed2
Pref-Bernoulli,10,3,-49.87890663151759,0.0,0.195,0.805,0.0,0.0,9.10968101578431,4.05,th_1mh4_pref_bern_B10-seed3
Pref-Bernoulli,10,4,-49.43915896562972,0.0,0.23,0.77,0.0,0.0,8.795245935564308,2.64,th_1mh4_pref_bern_B10-seed4
Pref-Bernoulli,10,5,-49.57542120266168,0.0,0.335,0.665,0.0,0.0,11.263711616988902,6.61,th_1mh4_pref_bern_B10-seed5
Pref-Bernoulli,10,6,-50.3977865188971,0.0,0.08,0.92,0.0,0.0,6.678552828742679,4.55,th_1mh4_pref_bern_B10-seed6
Pref-Bernoulli,10,7,-47.77039559649618,0.0,0.49,0.51,0.0,0.0,12.423524547703488,10.4,th_1mh4_pref_bern_B10-seed7
Pref-Bernoulli,10,8,-49.809767620776,0.0,0.165,0.835,0.0,0.0,10.101223083413878,3.855,th_1mh4_pref_bern_B10-seed8
Pref-Bernoulli,10,9,-49.21742890744647,0.0,0.3,0.7,0.0,0.0,6.793480239345747,11.13,th_1mh4_pref_bern_B10-seed9
Pref-Bernoulli,10,10,-49.41399858545099,0.0,0.32,0.68,0.0,0.0,12.624158730905629,3.26,th_1mh4_pref_bern_B10-seed10
Pref-Bernoulli,100,1,-48.2165530641708,0.0,0.13,0.87,0.0,0.0,10.531353491167755,4.43,th_1mh4_pref_bern_B100-seed1
Pref-Bernoulli,100,2,-49.326763944873626,0.0,0.115,0.885,0.0,0.0,5.735192236640131,3.225,th_1mh4_pref_bern_B100-seed2
Pref-Bernoulli,100,3,-49.793494153332375,0.0,0.12,0.88,0.0,0.0,5.458875184679116,3.135,th_1mh4_pref_bern_B100-seed3
Pref-Bernoulli,100,4,-49.84073740779793,0.0,0.25,0.75,0.0,0.0,10.067719086750618,6.925,th_1mh4_pref_bern_B100-seed4
Pref-Bernoulli,100,5,-49.343869666125414,0.0,0.295,0.705,0.0,0.0,11.306489739343167,3.845,th_1mh4_pref_bern_B100-seed5
Pref-Bernoulli,100,6,-49.01216197203462,0.0,0.225,0.775,0.0,0.0,10.63567488683753,7.92,th_1mh4_pref_bern_B100-seed6
Pref-Bernoulli,100,7,-49.83276400979648,0.0,0.155,0.845,0.0,0.0,6.14165641019542,6.04,th_1mh4_pref_bern_B100-seed7
Pref-Bernoulli,100,8,-52.44942596575025,0.0,0.17,0.83,0.0,0.0,8.767958464566393,14.665,th_1mh4_pref_bern_B100-seed8
Pref-Bernoulli,100,9,-49.77501480375031,0.0,0.11,0.89,0.0,0.0,5.134362436041254,2.17,th_1mh4_pref_bern_B100-seed9
Pref-Bernoulli,100,10,-49.595843922698805,0.0,0.275,0.725,0.0,0.0,8.081943855433247,4.995,th_1mh4_pref_bern_B100-seed10
Pref-Bernoulli,1000,1,-48.662194044923346,0.0,0.295,0.705,0.0,0.0,12.45358080200031,9.865,th_1mh4_pref_bern_B1000-seed1
Pref-Bernoulli,1000,2,-48.67352057180353,0.0,0.11,0.89,0.0,0.0,8.052364675368597,9.22,th_1mh4_pref_bern_B1000-seed2
Pref-Bernoulli,1000,3,-49.95217496809297,0.0,0.16,0.84,0.0,0.0,8.881349020643517,2.995,th_1mh4_pref_bern_B1000-seed3
Pref-Bernoulli,1000,4,-48.69450187652354,0.0,0.425,0.575,0.0,0.0,15.26661187581914,8.975,th_1mh4_pref_bern_B1000-seed4
Pref-Bernoulli,1000,5,-48.91808985908155,0.0,0.195,0.805,0.0,0.0,8.999973211856368,7.335,th_1mh4_pref_bern_B1000-seed5
Pref-Bernoulli,1000,6,-49.63904989082876,0.0,0.275,0.725,0.0,0.0,10.189935415053498,6.725,th_1mh4_pref_bern_B1000-seed6
Pref-Bernoulli,1000,7,-46.21847414930401,0.005,0.335,0.66,0.0,0.0,12.967634675897814,9.295,th_1mh4_pref_bern_B1000-seed7
Pref-Bernoulli,1000,8,-49.70234652820318,0.0,0.07,0.93,0.0,0.0,5.613926009531092,4.06,th_1mh4_pref_bern_B1000-seed8
Pref-Bernoulli,1000,9,-48.44404482288828,0.0,0.34,0.66,0.0,0.0,13.554607231511472,11.15,th_1mh4_pref_bern_B1000-seed9
Pref-Bernoulli,1000,10,-49.609058735059136,0.0,0.185,0.815,0.0,0.0,9.272353115050588,4.17,th_1mh4_pref_bern_B1000-seed10
Hybrid-soft,10,1,46.70263347665789,0.9,0.075,0.025,0.0,0.0,21.395000329606283,164.845,th_1mh4iq5_hybrid_soft_B10-seed1
Hybrid-soft,10,2,45.4019673192995,0.875,0.115,0.01,0.0,0.0,22.05324154431959,154.24,th_1mh4iq5_hybrid_soft_B10-seed2
Hybrid-soft,10,3,40.16807719324453,0.835,0.145,0.02,0.0,0.0,20.41964311002535,162.41,th_1mh4iq5_hybrid_soft_B10-seed3
Hybrid-soft,10,4,45.32713820185842,0.895,0.065,0.04,0.0,0.0,20.745740004068804,170.695,th_1mh4iq5_hybrid_soft_B10-seed4
Hybrid-soft,10,5,46.66713140744253,0.87,0.13,0.0,0.0,0.0,23.635206451585418,151.425,th_1mh4iq5_hybrid_soft_B10-seed5
Hybrid-soft,10,6,23.529693666837403,0.735,0.26,0.005,0.0,0.0,17.478043250236798,196.58,th_1mh4iq5_hybrid_soft_B10-seed6
Hybrid-soft,10,7,46.3168244196197,0.905,0.095,0.0,0.0,0.0,21.320550134738486,163.685,th_1mh4iq5_hybrid_soft_B10-seed7
Hybrid-soft,10,8,45.91654577514686,0.855,0.12,0.025,0.0,0.0,23.470987483787,150.84,th_1mh4iq5_hybrid_soft_B10-seed8
Hybrid-soft,10,9,42.983554862632246,0.855,0.14,0.005,0.0,0.0,22.5146303564342,148.765,th_1mh4iq5_hybrid_soft_B10-seed9
Hybrid-soft,10,10,44.96364755907729,0.875,0.07,0.055,0.0,0.0,21.096387582086926,156.435,th_1mh4iq5_hybrid_soft_B10-seed10
Hybrid-soft,100,1,48.399449274933694,0.915,0.075,0.01,0.0,0.0,21.812038790611705,159.495,th_1mh4_hybrid_soft_B100-seed1
Hybrid-soft,100,2,43.879328925006156,0.935,0.05,0.015,0.0,0.0,19.43447713678273,198.56,th_1mh4_hybrid_soft_B100-seed2
Hybrid-soft,100,3,49.40300380381051,0.945,0.03,0.025,0.0,0.0,20.952968126037998,173.35,th_1mh4_hybrid_soft_B100-seed3
Hybrid-soft,100,4,50.625606645532606,0.93,0.065,0.005,0.0,0.0,22.93556944237712,158.21,th_1mh4_hybrid_soft_B100-seed4
Hybrid-soft,100,5,51.06561622338083,0.94,0.045,0.015,0.0,0.0,22.417579383133006,164.34,th_1mh4_hybrid_soft_B100-seed5
Hybrid-soft,100,6,44.42162853178044,0.97,0.03,0.0,0.0,0.0,19.50222710117994,213.4,th_1mh4_hybrid_soft_B100-seed6
Hybrid-soft,100,7,47.158693247472144,0.91,0.07,0.02,0.0,0.0,20.67295787650164,160.06,th_1mh4_hybrid_soft_B100-seed7
Hybrid-soft,100,8,49.306936788079184,0.92,0.06,0.02,0.0,0.0,22.889544410153775,158.17,th_1mh4_hybrid_soft_B100-seed8
Hybrid-soft,100,9,48.38042547521864,0.92,0.07,0.01,0.0,0.0,21.98842607641235,163.32,th_1mh4_hybrid_soft_B100-seed9
Hybrid-soft,100,10,49.27523461833194,0.94,0.06,0.0,0.0,0.0,20.631568081096503,169.755,th_1mh4_hybrid_soft_B100-seed10
Hybrid-soft,1000,1,51.75326892012649,0.955,0.035,0.01,0.0,0.0,21.681843340811483,169.655,th_1mh4_hybrid_soft_B1000-seed1
Hybrid-soft,1000,2,48.79689171538179,0.915,0.075,0.01,0.0,0.0,22.089429606253535,157.99,th_1mh4_hybrid_soft_B1000-seed2
Hybrid-soft,1000,3,51.89247979082304,0.955,0.045,0.0,0.0,0.0,21.85642260234629,167.335,th_1mh4_hybrid_soft_B1000-seed3
Hybrid-soft,1000,4,50.26314565317771,0.935,0.06,0.005,0.0,0.0,21.83050708743847,165.71,th_1mh4_hybrid_soft_B1000-seed4
Hybrid-soft,1000,5,48.73787675492873,0.905,0.095,0.0,0.0,0.0,23.125107895154407,157.32,th_1mh4_hybrid_soft_B1000-seed5
Hybrid-soft,1000,6,46.417785662912955,0.89,0.105,0.005,0.0,0.0,21.57348543093843,162.105,th_1mh4_hybrid_soft_B1000-seed6
Hybrid-soft,1000,7,48.40499666980945,0.94,0.06,0.0,0.0,0.0,21.00372261505011,176.135,th_1mh4_hybrid_soft_B1000-seed7
Hybrid-soft,1000,8,49.86335483682646,0.93,0.065,0.005,0.0,0.0,22.096604258524934,163.985,th_1mh4_hybrid_soft_B1000-seed8
Hybrid-soft,1000,9,49.512319364360685,0.915,0.085,0.0,0.0,0.0,22.658706290237223,154.455,th_1mh4_hybrid_soft_B1000-seed9
Hybrid-soft,1000,10,50.50894361701875,0.935,0.055,0.01,0.0,0.0,21.936525472851553,164.695,th_1mh4_hybrid_soft_B1000-seed10
Hybrid-Bernoulli,10,1,43.840646298445165,0.855,0.125,0.02,0.0,0.0,21.9038511918738,152.865,th_1mh4iq5_hybrid_bern_B10-seed1
Hybrid-Bernoulli,10,2,39.62400059753092,0.805,0.175,0.02,0.0,0.0,22.11978500307711,147.73,th_1mh4iq5_hybrid_bern_B10-seed2
Hybrid-Bernoulli,10,3,43.786479483903506,0.865,0.115,0.02,0.0,0.0,21.38946326856296,154.305,th_1mh4iq5_hybrid_bern_B10-seed3
Hybrid-Bernoulli,10,4,41.395352609304744,0.82,0.165,0.015,0.0,0.0,22.03389677064546,150.575,th_1mh4iq5_hybrid_bern_B10-seed4
Hybrid-Bernoulli,10,5,43.6682312864282,0.855,0.11,0.035,0.0,0.0,21.793955808113864,152.3,th_1mh4iq5_hybrid_bern_B10-seed5
Hybrid-Bernoulli,10,6,48.8955126801799,0.915,0.075,0.01,0.0,0.0,22.213962381020398,157.46,th_1mh4iq5_hybrid_bern_B10-seed6
Hybrid-Bernoulli,10,7,43.002733320952956,0.86,0.13,0.01,0.0,0.0,20.880398322261893,161.79,th_1mh4iq5_hybrid_bern_B10-seed7
Hybrid-Bernoulli,10,8,32.67222428066992,0.75,0.22,0.03,0.0,0.0,20.743539255032374,144.57,th_1mh4iq5_hybrid_bern_B10-seed8
Hybrid-Bernoulli,10,9,42.07166381978679,0.85,0.14,0.01,0.0,0.0,21.8146712894755,148.785,th_1mh4iq5_hybrid_bern_B10-seed9
Hybrid-Bernoulli,10,10,39.35287608885971,0.905,0.085,0.01,0.0,0.0,17.001184197710213,197.655,th_1mh4iq5_hybrid_bern_B10-seed10
Hybrid-Bernoulli,100,1,47.43048685125697,0.91,0.07,0.02,0.0,0.0,21.763043686171656,167.655,th_1mh4_hybrid_bern_B100-seed1
Hybrid-Bernoulli,100,2,45.688938410661166,0.88,0.1,0.02,0.0,0.0,21.719155477711666,156.05,th_1mh4_hybrid_bern_B100-seed2
Hybrid-Bernoulli,100,3,43.10077451251102,0.85,0.125,0.025,0.0,0.0,21.24601224243611,156.76,th_1mh4_hybrid_bern_B100-seed3
Hybrid-Bernoulli,100,4,47.191119371340804,0.91,0.055,0.035,0.0,0.0,21.401574671946165,163.705,th_1mh4_hybrid_bern_B100-seed4
Hybrid-Bernoulli,100,5,47.09424588963877,0.89,0.095,0.015,0.0,0.0,21.83265983533628,149.06,th_1mh4_hybrid_bern_B100-seed5
Hybrid-Bernoulli,100,6,45.87624997355024,0.91,0.075,0.015,0.0,0.0,20.253472012066577,165.71,th_1mh4_hybrid_bern_B100-seed6
Hybrid-Bernoulli,100,7,46.43966589110301,0.915,0.065,0.02,0.0,0.0,20.53823259639116,168.78,th_1mh4_hybrid_bern_B100-seed7
Hybrid-Bernoulli,100,8,42.11793721851834,0.83,0.16,0.01,0.0,0.0,22.950128480070934,146.295,th_1mh4_hybrid_bern_B100-seed8
Hybrid-Bernoulli,100,9,46.8923772438673,0.905,0.095,0.0,0.0,0.0,21.863683567645438,164.185,th_1mh4_hybrid_bern_B100-seed9
Hybrid-Bernoulli,100,10,45.951475370130694,0.87,0.115,0.015,0.0,0.0,22.97629569512485,150.89,th_1mh4_hybrid_bern_B100-seed10
Hybrid-Bernoulli,1000,1,45.554957476518524,0.89,0.1,0.01,0.0,0.0,21.23650335895952,157.825,th_1mh4_hybrid_bern_B1000-seed1
Hybrid-Bernoulli,1000,2,45.24490498322332,0.875,0.1,0.025,0.0,0.0,22.027614101829613,158.88,th_1mh4_hybrid_bern_B1000-seed2
Hybrid-Bernoulli,1000,3,20.451485692490063,0.6,0.385,0.015,0.0,0.0,20.309937381451643,139.83,th_1mh4_hybrid_bern_B1000-seed3
Hybrid-Bernoulli,1000,4,48.70464087243167,0.915,0.065,0.02,0.0,0.0,22.192834916421912,157.815,th_1mh4_hybrid_bern_B1000-seed4
Hybrid-Bernoulli,1000,5,48.15737006067773,0.91,0.075,0.015,0.0,0.0,21.873259489924365,162.19,th_1mh4_hybrid_bern_B1000-seed5
Hybrid-Bernoulli,1000,6,45.045245209790956,0.89,0.11,0.0,0.0,0.0,20.888395556161143,158.95,th_1mh4_hybrid_bern_B1000-seed6
Hybrid-Bernoulli,1000,7,44.13104947869348,0.86,0.13,0.01,0.0,0.0,21.64197324286581,153.41,th_1mh4_hybrid_bern_B1000-seed7
Hybrid-Bernoulli,1000,8,40.25663460723857,0.8,0.19,0.01,0.0,0.0,22.8338646387262,144.945,th_1mh4_hybrid_bern_B1000-seed8
Hybrid-Bernoulli,1000,9,43.842626144223416,0.885,0.105,0.01,0.0,0.0,19.833714697302725,164.695,th_1mh4_hybrid_bern_B1000-seed9
Hybrid-Bernoulli,1000,10,47.87520227282743,0.905,0.09,0.005,0.0,0.0,22.084297871670056,156.015,th_1mh4_hybrid_bern_B1000-seed10
NB-soft,10,1,26.539992057352446,0.7,0.29,0.01,0.0,0.0,19.378431754534756,135.81,th_1mh4iq5_unw_soft_B10-seed1
NB-soft,10,2,44.90438931666744,0.855,0.13,0.015,0.0,0.0,23.171050482085455,148.26,th_1mh4iq5_unw_soft_B10-seed2
NB-soft,10,3,-10.98388245201933,0.4,0.115,0.0,0.485,0.0,11.666893664499435,402.81,th_1mh4iq5_unw_soft_B10-seed3
NB-soft,10,4,-47.59860952256187,0.0,0.205,0.795,0.0,0.0,14.995843433104405,8.46,th_1mh4iq5_unw_soft_B10-seed4
NB-soft,10,5,43.59703133172982,0.88,0.07,0.05,0.0,0.0,20.189281839152542,173.125,th_1mh4iq5_unw_soft_B10-seed5
NB-soft,10,6,44.91944637353241,0.87,0.12,0.01,0.0,0.0,21.500901139518465,147.455,th_1mh4iq5_unw_soft_B10-seed6
NB-soft,10,7,38.427225678970906,0.845,0.125,0.03,0.0,0.0,20.77388595324742,177.215,th_1mh4iq5_unw_soft_B10-seed7
NB-soft,10,8,40.36834565098869,0.87,0.095,0.035,0.0,0.0,19.127572869361856,171.435,th_1mh4iq5_unw_soft_B10-seed8
NB-soft,10,9,25.3438604925114,0.695,0.23,0.075,0.0,0.0,19.830183829581184,194.64,th_1mh4iq5_unw_soft_B10-seed9
NB-soft,10,10,46.41253851679194,0.885,0.11,0.005,0.0,0.0,21.701995272874445,165.21,th_1mh4iq5_unw_soft_B10-seed10
NB-soft,100,1,48.88175947088101,0.93,0.06,0.01,0.0,0.0,21.078803202558078,171.06,th_1mh4_unw_soft_B100-seed1
NB-soft,100,2,41.2795618893081,0.84,0.145,0.015,0.0,0.0,21.37521099678068,149.665,th_1mh4_unw_soft_B100-seed2
NB-soft,100,3,50.298176380136596,0.945,0.035,0.02,0.0,0.0,21.467941637021394,171.625,th_1mh4_unw_soft_B100-seed3
NB-soft,100,4,48.984411437271774,0.92,0.075,0.005,0.0,0.0,22.245010612184327,160.01,th_1mh4_unw_soft_B100-seed4
NB-soft,100,5,50.26957680822219,0.93,0.065,0.005,0.0,0.0,22.022955924563657,164.05,th_1mh4_unw_soft_B100-seed5
NB-soft,100,6,37.80426998714857,0.795,0.17,0.035,0.0,0.0,22.57225806733551,150.3,th_1mh4_unw_soft_B100-seed6
NB-soft,100,7,49.79384887564434,0.935,0.055,0.01,0.0,0.0,21.75085060977938,170.32,th_1mh4_unw_soft_B100-seed7
NB-soft,100,8,50.2910441878364,0.945,0.05,0.005,0.0,0.0,21.915228141520316,169.955,th_1mh4_unw_soft_B100-seed8
NB-soft,100,9,49.48778152663505,0.915,0.075,0.01,0.0,0.0,22.297469956537633,155.745,th_1mh4_unw_soft_B100-seed9
NB-soft,100,10,-11.068200142093078,0.375,0.395,0.23,0.0,0.0,16.31531279600918,123.295,th_1mh4_unw_soft_B100-seed10
NB-soft,1000,1,46.259626009672374,0.915,0.075,0.01,0.0,0.0,20.83945161346043,169.915,th_1mh4_unw_soft_B1000-seed1
NB-soft,1000,2,51.37558906461374,0.935,0.06,0.005,0.0,0.0,23.140320609945185,158.33,th_1mh4_unw_soft_B1000-seed2
NB-soft,1000,3,50.48688384197583,0.945,0.055,0.0,0.0,0.0,21.550059429534276,169.975,th_1mh4_unw_soft_B1000-seed3
NB-soft,1000,4,50.45158211064209,0.955,0.045,0.0,0.0,0.0,21.552784381564262,174.485,th_1mh4_unw_soft_B1000-seed4
NB-soft,1000,5,44.900077407268455,0.94,0.045,0.015,0.0,0.0,21.061954348866365,195.555,th_1mh4_unw_soft_B1000-seed5
NB-soft,1000,6,-4.892479303069316,0.495,0.25,0.205,0.05,0.0,17.02845918973013,187.06,th_1mh4_unw_soft_B1000-seed6
NB-soft,1000,7,50.81803366061955,0.94,0.06,0.0,0.0,0.0,22.194123123648698,163.695,th_1mh4_unw_soft_B1000-seed7
NB-soft,1000,8,48.93723560081873,0.91,0.075,0.015,0.0,0.0,23.3662638043889,153.3,th_1mh4_unw_soft_B1000-seed8
NB-soft,1000,9,46.3937382244965,0.915,0.08,0.005,0.0,0.0,21.420574118448386,174.485,th_1mh4_unw_soft_B1000-seed9
NB-soft,1000,10,28.0887097212654,0.91,0.08,0.01,0.0,0.0,14.671156651519993,267.305,th_1mh4_unw_soft_B1000-seed10
NB-Bernoulli,10,1,-45.23603814341999,0.02,0.185,0.795,0.0,0.0,8.265441244292596,23.36,th_1mh4iq5_unw_bern_B10-seed1
NB-Bernoulli,10,2,46.07243048616979,0.89,0.105,0.005,0.0,0.0,21.55847011285683,156.65,th_1mh4iq5_unw_bern_B10-seed2
NB-Bernoulli,10,3,-49.259748305238325,0.0,0.34,0.66,0.0,0.0,10.913597067891246,32.725,th_1mh4iq5_unw_bern_B10-seed3
NB-Bernoulli,10,4,-37.85232859394264,0.035,0.37,0.595,0.0,0.0,17.33878310176213,77.255,th_1mh4iq5_unw_bern_B10-seed4
NB-Bernoulli,10,5,-52.99623334741395,0.0,0.275,0.725,0.0,0.0,7.112675363959413,22.46,th_1mh4iq5_unw_bern_B10-seed5
NB-Bernoulli,10,6,38.5574930837404,0.8,0.14,0.06,0.0,0.0,22.477671948518935,148.79,th_1mh4iq5_unw_bern_B10-seed6
NB-Bernoulli,10,7,-53.8135638481481,0.0,0.115,0.885,0.0,0.0,5.812045880065416,24.92,th_1mh4iq5_unw_bern_B10-seed7
NB-Bernoulli,10,8,-30.665992861750983,0.115,0.87,0.015,0.0,0.0,23.91390598117875,45.89,th_1mh4iq5_unw_bern_B10-seed8
NB-Bernoulli,10,9,-46.762235728339384,0.0,0.445,0.555,0.0,0.0,15.785507856247053,24.5,th_1mh4iq5_unw_bern_B10-seed9
NB-Bernoulli,10,10,-49.61740869157422,0.0,0.135,0.865,0.0,0.0,9.611529313206734,6.035,th_1mh4iq5_unw_bern_B10-seed10
NB-Bernoulli,100,1,-33.064322807669676,0.07,0.155,0.775,0.0,0.0,16.080109499127765,65.69,th_1mh4_unw_bern_B100-seed1
NB-Bernoulli,100,2,-31.226871559427035,0.06,0.605,0.335,0.0,0.0,20.37750841659864,84.91,th_1mh4_unw_bern_B100-seed2
NB-Bernoulli,100,3,-4.690437043466797,0.345,0.52,0.135,0.0,0.0,20.265996848779924,96.73,th_1mh4_unw_bern_B100-seed3
NB-Bernoulli,100,4,40.20560435596676,0.82,0.16,0.02,0.0,0.0,20.69966444821198,150.53,th_1mh4_unw_bern_B100-seed4
NB-Bernoulli,100,5,-47.45190422246124,0.0,0.475,0.525,0.0,0.0,18.94130462997438,11.5,th_1mh4_unw_bern_B100-seed5
NB-Bernoulli,100,6,26.62700203170578,0.775,0.195,0.005,0.025,0.0,16.378808842413505,182.195,th_1mh4_unw_bern_B100-seed6
NB-Bernoulli,100,7,-46.45780302257979,0.005,0.415,0.58,0.0,0.0,14.664065637012968,17.035,th_1mh4_unw_bern_B100-seed7
NB-Bernoulli,100,8,-50.79300832417448,0.0,0.07,0.93,0.0,0.0,7.909389717329779,14.88,th_1mh4_unw_bern_B100-seed8
NB-Bernoulli,100,9,-52.615299395790004,0.0,0.055,0.945,0.0,0.0,4.876841518774621,17.755,th_1mh4_unw_bern_B100-seed9
NB-Bernoulli,100,10,-49.76087907254468,0.0,0.185,0.815,0.0,0.0,11.460068478781126,2.21,th_1mh4_unw_bern_B100-seed10
NB-Bernoulli,1000,1,40.72611094391087,0.905,0.095,0.0,0.0,0.0,17.548295518057277,198.02,th_1mh4_unw_bern_B1000-seed1
NB-Bernoulli,1000,2,46.2615055233826,0.87,0.125,0.005,0.0,0.0,23.043712884921195,149.67,th_1mh4_unw_bern_B1000-seed2
NB-Bernoulli,1000,3,38.84262840507637,0.82,0.105,0.025,0.05,0.0,21.001982257406663,171.115,th_1mh4_unw_bern_B1000-seed3
NB-Bernoulli,1000,4,33.023218236123114,0.76,0.2,0.04,0.0,0.0,19.719820663127543,135.785,th_1mh4_unw_bern_B1000-seed4
NB-Bernoulli,1000,5,-47.955803643558085,0.0,0.275,0.725,0.0,0.0,13.21837357443561,12.615,th_1mh4_unw_bern_B1000-seed5
NB-Bernoulli,1000,6,23.819766493008675,0.675,0.29,0.035,0.0,0.0,18.52999846172413,130.465,th_1mh4_unw_bern_B1000-seed6
NB-Bernoulli,1000,7,28.52538596746891,0.68,0.275,0.045,0.0,0.0,23.425701749780206,121.235,th_1mh4_unw_bern_B1000-seed7
NB-Bernoulli,1000,8,43.39748469589222,0.86,0.14,0.0,0.0,0.0,22.25562458055725,148.185,th_1mh4_unw_bern_B1000-seed8
NB-Bernoulli,1000,9,35.31078919000878,0.865,0.135,0.0,0.0,0.0,18.128958828576618,202.355,th_1mh4_unw_bern_B1000-seed9
NB-Bernoulli,1000,10,16.925920433253054,0.65,0.335,0.015,0.0,0.0,19.031438382705204,163.585,th_1mh4_unw_bern_B1000-seed10
